NAICS code,Activity,Media,Probable establishments by activity & media,Probable mass by activity & media,Total activity & media,Total shipment by activity & media,Shipment/mass,Mean PACE,SD PACE,CI at 95% for Mean PACE,Unit
311111,Treatment,W,10,19618507273.834167,4.3e-05,182710957.106575,0.093129,4e-06,6e-06,"[6.747366154190886e-07, 7.908853078015605e-06]",USD/kg
311119,Treatment,W,3,20236843929.77353,1.4e-05,29005679.129881,0.004317,5e-06,1e-06,"[2.82603215865124e-06, 6.179708267710446e-06]",USD/kg
311222,Treatment,W,5,725478483.555152,0.010106,1208491134.754582,8.402542,0.002021,0.00122,"[0.0009515600378178493, 0.0030906675924075658]",USD/kg
311411,Treatment,W,11,2336694154837.765,4.3e-05,521654045.895287,0.002577,4e-06,3e-06,"[1.9132636426654274e-06, 5.889457035355785e-06]",USD/kg
311514,Treatment,W,6,796038357082.4458,6.5e-05,323826623.270005,0.002678,1.1e-05,1.9e-05,"[-4.455425969815143e-06, 2.6127152409530792e-05]",USD/kg
311611,Treatment,W,5,4268452517753.271,5e-06,383351371.458982,0.00044,1e-06,1e-06,"[4.235943452154749e-07, 1.4539981994884368e-06]",USD/kg
311612,Treatment,W,11,12342840557.292328,0.001182,444498581.255913,0.400154,0.000107,5.3e-05,"[7.583567019256682e-05, 0.00013899461281510417]",USD/kg
311613,Treatment,W,5,638168884.060433,0.020367,391715117.741528,3.068664,0.004073,0.002277,"[0.0020774812444410914, 0.006069360198346684]",USD/kg
311712,Treatment,W,9,23765572943.4553,3.5e-05,335037565.86072,0.126853,4e-06,3e-06,"[1.823258725363242e-06, 5.921945469649056e-06]",USD/kg
311991,Treatment,W,13,155388.290823,99.304426,326089897.691025,27279.848245,7.638802,4.682156,"[5.093599926671153, 10.184004023919234]",USD/kg
311999,Treatment,W,2,457346132095.874,3e-06,35624812.437814,0.000144,1e-06,1e-06,"[2.797222978218383e-08, 2.7667344322899746e-06]",USD/kg
312111,Treatment,W,17,52948912868.794334,0.00025,155559024.606833,0.049938,1.5e-05,1e-05,"[1.0102517139375394e-05, 1.9333474490325055e-05]",USD/kg
313230,Treatment,W,1,5352830.46081,0.007616,4613181.954308,0.861821,0.007616,0.004874,"[-0.00193735709749267, 0.01716953199925282]",USD/kg
313311,Treatment,W,1,48697838273.917145,2e-06,8794814.946869,0.000181,2e-06,0.0,"[1.989504137463589e-06, 2.622221231554093e-06]",USD/kg
316110,Treatment,W,6,13079617091.153597,7.6e-05,38161896.332007,0.018004,1.3e-05,3e-06,"[1.0129274239607894e-05, 1.5067812490179421e-05]",USD/kg
321211,Treatment,W,2,2198583.089088,0.036661,9937200.053813,9.039566,0.018331,0.004407,"[0.012222986547012333, 0.024438304140709303]",USD/kg
322121,Treatment,W,1,2717149894381.242,2e-06,220640663.535391,8.1e-05,2e-06,0.0,"[2.0036756270432798e-06, 2.748859430959185e-06]",USD/kg
322130,Treatment,W,2,1783453348179.4927,9e-06,181851261.600733,0.000205,4e-06,0.0,"[4.109529106604663e-06, 4.444854793694994e-06]",USD/kg
322291,Treatment,W,2,10518262.290268,0.094962,187954229.266945,35.738641,0.047481,0.009401,"[0.034452380261110555, 0.06050941922788762]",USD/kg
323110,Treatment,W,1,1325323.225333,0.133419,1337139.773341,1.008916,0.133419,0.029352,"[0.07588954246522864, 0.19094760709994255]",USD/kg
324110,Treatment,W,2,139635137639.76498,0.001312,3442653629.989792,0.057125,0.000656,3.7e-05,"[0.000604795369146144, 0.0007076925296147871]",USD/kg
324199,Treatment,W,7,352450380102.58765,1.5e-05,238598945.430917,0.004739,2e-06,2e-06,"[8.983677173912103e-07, 3.4625262556713036e-06]",USD/kg
325110,Treatment,W,1,22772848913.921425,3.3e-05,1621446279.502347,0.071201,3.3e-05,1e-06,"[3.1687335042536104e-05, 3.427292991717101e-05]",USD/kg
325120,Treatment,W,2,809908.866375,0.96414,87660388.937007,216.468513,0.48207,0.02727,"[0.4442765929487866, 0.5198638117161094]",USD/kg
325131,Treatment,W,4,305375051.695189,0.019554,183296565.906785,2.477272,0.004889,0.000782,"[0.004122002512740121, 0.005655009887155947]",USD/kg
325132,Treatment,W,5,166334257617.07678,7e-06,175165564.017838,0.005665,1e-06,0.0,"[1.1665470427305089e-06, 1.5375411216557796e-06]",USD/kg
325188,Treatment,W,3,162842035.920007,0.155202,108442060.381839,2.12117,0.051734,0.023298,"[0.02537086357684751, 0.07809724057556118]",USD/kg
325193,Treatment,W,3,5388505052.837558,0.000141,113568581.366199,0.062635,4.7e-05,1.1e-05,"[3.497826417505979e-05, 5.889732469194663e-05]",USD/kg
325199,Treatment,W,1,670912866.567681,0.008732,121883794.652728,0.181669,0.008732,0.000699,"[0.007363050053734176, 0.010101430245323104]",USD/kg
325211,Treatment,W,5,131816684338.4917,0.000504,504736836.553367,0.022699,0.000101,3.2e-05,"[7.318349323581925e-05, 0.00012853366412439343]",USD/kg
325212,Treatment,W,1,7134270059.542891,1e-06,4263655.682343,0.000598,1e-06,0.0,"[6.212893383071408e-07, 8.188764542727644e-07]",USD/kg
325222,Treatment,W,2,52276786650.93172,7e-06,70600864.371289,0.002701,4e-06,1e-06,"[1.8544097916370776e-06, 5.148534037395854e-06]",USD/kg
325311,Treatment,W,6,2068376171.379818,0.001355,297171708.283307,0.855822,0.000226,6e-06,"[0.0002213938432030914, 0.00023024581790062295]",USD/kg
325312,Treatment,W,8,67728384951.918816,0.001889,1443004122.47132,0.178742,0.000236,3.3e-05,"[0.00021294466046006043, 0.00025921550657634937]",USD/kg
325320,Treatment,W,2,124528688.649604,0.023347,87245169.854836,2.079202,0.011673,0.00066,"[0.010758133990734732, 0.012588474459694741]",USD/kg
325411,Treatment,W,3,509939.183571,18.653651,69098968.937227,406.551111,6.217884,1.292363,"[4.75546424198234, 7.680302936861427]",USD/kg
325412,Treatment,W,1,3047189384.898586,6.3e-05,31715942.31313,0.010408,6.3e-05,2.1e-05,"[2.0851454101570048e-05, 0.00010415267508167181]",USD/kg
325414,Treatment,W,3,54921818122.247665,1.7e-05,167224407.755872,0.009134,6e-06,0.0,"[5.687671716816675e-06, 5.915081501102962e-06]",USD/kg
325510,Treatment,W,4,35588903.354585,0.053225,43382926.763301,4.875902,0.013306,0.001863,"[0.011480559309503882, 0.015131693272011627]",USD/kg
325611,Treatment,W,16,235109497.827089,0.110858,729096725.194618,59.203923,0.006929,0.00194,"[0.0059780154910828035, 0.007879189014033144]",USD/kg
325612,Treatment,W,5,6701586.322039,0.005794,1415327.142394,1.030426,0.001159,0.001866,"[-0.00047650483927786855, 0.002794281544354421]",USD/kg
325613,Treatment,W,4,315421564592.50574,1.1e-05,231672930.099762,0.002953,3e-06,0.0,"[2.5932887461284075e-06, 2.9173057484093703e-06]",USD/kg
325992,Treatment,W,1,353053.519911,0.163237,9791495.587302,27.733743,0.163237,0.008162,"[0.14723995073183957, 0.17923378935528203]",USD/kg
325998,Treatment,W,5,3356108877.61587,0.002502,87772424.280572,0.13121,0.0005,6.7e-05,"[0.00044146751409210886, 0.0005591363684460535]",USD/kg
326113,Treatment,W,1,112297.744634,1.086723,17774029.358174,158.275925,1.086723,0.141274,"[0.8098313623298012, 1.3636154285457263]",USD/kg
326121,Treatment,W,7,9514956.19953,0.042884,38655868.722214,28.438476,0.006126,0.00389,"[0.0032445507166319336, 0.009008084338192413]",USD/kg
326130,Treatment,W,1,1190299.548539,0.003777,640841.80492,0.538387,0.003777,0.000415,"[0.002962301886690785, 0.004590698942801435]",USD/kg
326199,Treatment,W,4,2751950125.467056,0.002216,98266587.978732,0.142787,0.000554,0.000233,"[0.0003259841845320901, 0.0007820375503805093]",USD/kg
326291,Treatment,W,1,75695434.726147,3e-05,589390.490521,0.007786,3e-05,7e-06,"[1.5094574954876657e-05, 4.4098791595462164e-05]",USD/kg
327125,Treatment,W,2,379647.19649,0.063628,2227110.440608,11.732378,0.031814,0.012598,"[0.014354758113041849, 0.04927306675880616]",USD/kg
327212,Treatment,W,3,48097212.243299,0.040899,20048300.485698,1.250469,0.013633,0.002125,"[0.011228289185604983, 0.016037968695157882]",USD/kg
327213,Treatment,W,2,6441434.458792,0.027801,196223087.231988,60.924851,0.013901,0.001769,"[0.011448633373305988, 0.016352698136668814]",USD/kg
331111,Treatment,W,3,100665695047.90417,0.000289,290860047.001848,0.010337,9.6e-05,5e-06,"[9.056205105726445e-05, 0.00010187727553729902]",USD/kg
331210,Treatment,W,2,19837895.967914,0.004499,98506626.502294,9.989933,0.00225,0.000954,"[0.0009268881487937805, 0.003572450889696714]",USD/kg
331221,Treatment,W,6,573093128.577772,0.00162,285622804.139873,3.064852,0.00027,0.000106,"[0.00018534463952323306, 0.0003546993101525653]",USD/kg
331222,Treatment,W,7,114881944.888518,0.019786,187039927.545775,11.430192,0.002827,0.002543,"[0.0009429616446419153, 0.004710078122631898]",USD/kg
331311,Treatment,W,3,291046176243.2897,4e-06,296835373.196996,0.00306,1e-06,0.0,"[1.3496862030044694e-06, 1.403650612970664e-06]",USD/kg
331315,Treatment,W,1,1049800.92496,0.258791,63907535.201894,60.875861,0.258791,0.041407,"[0.17763577432018796, 0.3399466354779007]",USD/kg
331316,Treatment,W,5,9025720713.188738,0.0004,188392891.955194,0.106677,8e-05,2.5e-05,"[5.803117207222825e-05, 0.00010192133294104523]",USD/kg
331419,Treatment,W,1,791037.779242,0.020405,9761867.318213,12.340583,0.020405,0.003877,"[0.012806234057353361, 0.028003499620553384]",USD/kg
331491,Treatment,W,3,27926394.406115,0.38457,83735514.802461,9.131939,0.12819,0.108795,"[0.005078583981186047, 0.251301301852467]",USD/kg
331525,Treatment,W,1,2434315.455918,0.016661,9383210.962878,3.854558,0.016661,0.006831,"[0.0032723807529471734, 0.030048746919361102]",USD/kg
332112,Treatment,W,3,3183728153.004822,4.1e-05,22564362.63742,0.02082,1.4e-05,2e-06,"[1.1588336293305208e-05, 1.5898135945280202e-05]",USD/kg
332116,Treatment,W,1,193569.208822,0.002374,445319.034367,2.300568,0.002374,0.001994,"[-0.0015346128218574357, 0.006283018293950296]",USD/kg
332439,Treatment,W,1,49602701.178492,0.000374,32663489.921381,0.658502,0.000374,2.2e-05,"[0.00033037807305141446, 0.00041843712183458893]",USD/kg
332510,Treatment,W,4,59564145.164063,0.020434,35964481.984666,2.396744,0.005108,0.003882,"[0.0013037551927882357, 0.008913214076077095]",USD/kg
332721,Treatment,W,1,143852577.29003,8.6e-05,1597597.922343,0.011106,8.6e-05,3.5e-05,"[1.6975311723574775e-05, 0.00015587637392120926]",USD/kg
332722,Treatment,W,1,25164280133.269203,4e-06,7870993.384898,0.000313,4e-06,3e-06,"[-8.716530801506953e-07, 8.973358786604956e-06]",USD/kg
332811,Treatment,W,9,490570306.690386,0.008886,85718713.681302,1.543666,0.000987,0.000741,"[0.000503558277181111, 0.0014711452020320394]",USD/kg
332812,Treatment,W,1,696362172.706242,0.000231,3629911.984154,0.005213,0.000231,6.5e-05,"[0.0001040590840522557, 0.0003571854123204388]",USD/kg
332813,Treatment,W,1,16266943171.777737,8.7e-05,4155295.936921,0.000255,8.7e-05,1.8e-05,"[5.134794618490499e-05, 0.00012318395786333107]",USD/kg
332912,Treatment,W,9,273334.508051,4.939052,142947624.649625,4624.072127,0.548784,0.691467,"[0.09703322887420956, 1.0005338266000143]",USD/kg
332996,Treatment,W,1,5010506.73351,0.00177,21955019.351261,4.381796,0.00177,0.000584,"[0.0006252344160305038, 0.0029150451861144518]",USD/kg
332999,Treatment,W,8,642233076.621597,0.003137,123265981.176913,1.493423,0.000392,0.000177,"[0.0002691841871802652, 0.0005151454379388763]",USD/kg
333111,Treatment,W,4,766349940.837488,0.000192,90111238.895318,0.468861,4.8e-05,4.4e-05,"[4.717627551325327e-06, 9.115297004789685e-05]",USD/kg
333415,Treatment,W,7,6856262.428805,0.206643,261483881.89562,269.316945,0.02952,0.009372,"[0.022577388809796484, 0.036463566280599144]",USD/kg
333611,Treatment,W,2,9349416762.908962,1.3e-05,128774460.064673,0.027546,6e-06,3e-06,"[2.1151739634743022e-06, 1.0565259645003026e-05]",USD/kg
333618,Treatment,W,15,8183713.024751,1.214935,1162052154.613326,2129.864902,0.080996,0.047054,"[0.057183394674720625, 0.10480798524076522]",USD/kg
333999,Treatment,W,3,21929710.474425,0.016514,39233757.976187,5.109588,0.005505,0.000477,"[0.004965129498380512, 0.0060440048384367675]",USD/kg
334413,Treatment,W,2,1773012891.935971,0.018576,111244484.013924,0.123068,0.009288,0.003152,"[0.004919049012492991, 0.013657116882499237]",USD/kg
336312,Treatment,W,4,180334816.424961,0.009833,61578143.694096,1.335473,0.002458,0.000885,"[0.0015909840898110463, 0.0033254811562424247]",USD/kg
336340,Treatment,W,8,1093430386.040959,0.003734,124604150.250208,0.911655,0.000467,0.000422,"[0.0001740184516948539, 0.0007595280727561138]",USD/kg
336350,Treatment,W,12,5493690.096659,7.176247,546664712.247625,1194.063946,0.598021,0.082864,"[0.5511366167671703, 0.6449045187530946]",USD/kg
336399,Treatment,W,5,2480648705.69184,0.000873,262228553.974789,0.519924,0.000175,5.9e-05,"[0.0001232458184384881, 0.00022588980583199692]",USD/kg
336411,Treatment,W,5,459634.443733,2.971333,456407865.807409,4769.026243,0.594267,0.039865,"[0.559324401491573, 0.6292088739185087]",USD/kg
336412,Treatment,W,3,5087357.651397,0.178246,141727009.215807,88.155774,0.059415,0.025728,"[0.03030235685083591, 0.0885283172007845]",USD/kg
336413,Treatment,W,9,11921235238.132957,0.00037,331365134.655087,0.254192,4.1e-05,2.2e-05,"[2.6593879472359733e-05, 5.55866307042818e-05]",USD/kg
339112,Treatment,W,1,955513633.709249,3.8e-05,25859416.210822,0.027063,3.8e-05,6e-06,"[2.6666008817966497e-05, 4.8874514612527274e-05]",USD/kg
339113,Treatment,W,1,43652941.221734,0.004134,21783911.903908,0.499025,0.004134,0.000124,"[0.00389055464175378, 0.004376657800961692]",USD/kg
339999,Treatment,W,1,7843480.42731,0.000667,1427670.170721,0.18202,0.000667,9.3e-05,"[0.0004838866074514683, 0.0008498599332508754]",USD/kg
311615,Treatment,L,10,12097111128125.55,7e-06,1041359162.74567,0.000892,1e-06,0.0,"[5.310246590999759e-07, 7.899262870870421e-07]",USD/kg
313320,Treatment,L,3,258397.480639,1.352622,19141544.596308,222.215013,0.450874,0.132759,"[0.30064561840124077, 0.6011026055540449]",USD/kg
322110,Treatment,L,1,23942228.112564,0.180628,32851572.964451,1.372118,0.180628,0.001806,"[0.17708783847587045, 0.1841683292553316]",USD/kg
322121,Treatment,L,3,105027615062.23999,0.000482,573611421.167328,0.01646,0.000161,2.2e-05,"[0.0001353809116811576, 0.00018573021043119374]",USD/kg
323110,Treatment,L,1,9476126.252396,0.01866,1337139.773341,0.141106,0.01866,0.004105,"[0.010613849004349024, 0.026705775310598964]",USD/kg
324110,Treatment,L,1,2826143.596259,2.814676,346219197.387373,122.505876,2.814676,0.112587,"[2.5940090930167496, 3.0353421182317053]",USD/kg
324191,Treatment,L,14,18318886869.035393,0.000357,297732804.559105,0.227533,2.5e-05,2.6e-05,"[1.1993512800868053e-05, 3.895493700825617e-05]",USD/kg
325110,Treatment,L,1,40232834.510909,0.018517,1608354180.886741,39.976159,0.018517,0.00037,"[0.017791049893231374, 0.01924274809873093]",USD/kg
325181,Treatment,L,4,555226292.696286,0.006658,438963131.536482,3.178711,0.001665,3.3e-05,"[0.0016319844357430367, 0.0016972359563949034]",USD/kg
325188,Treatment,L,7,56340291350.96565,0.003136,339246684.72506,0.042856,0.000448,0.000308,"[0.00021968152736112547, 0.0006762292911458058]",USD/kg
325199,Treatment,L,2,127596640.01233,0.174949,236247243.03039,3.63969,0.087474,0.009897,"[0.07375854207066533, 0.10118996370881576]",USD/kg
325211,Treatment,L,3,735319600932.1194,2.2e-05,209733841.839274,0.000979,7e-06,2e-06,"[5.261803502935634e-06, 9.241412977590212e-06]",USD/kg
325212,Treatment,L,1,12643754.179109,0.006693,70230063.747033,5.554526,0.006693,0.000468,"[0.005774419609595828, 0.007610844036488764]",USD/kg
325222,Treatment,L,5,31675703289.584484,5.8e-05,142527824.240746,0.0225,1.2e-05,6e-06,"[6.178779088338201e-06, 1.7154597969295416e-05]",USD/kg
325311,Treatment,L,4,3134101.979,0.291382,144199357.790363,184.04876,0.072845,0.001457,"[0.07141775104683028, 0.07427324204005191]",USD/kg
325320,Treatment,L,2,154436488.412011,0.007278,50184306.528936,0.648207,0.003639,0.000206,"[0.003353930780743473, 0.003924553459673889]",USD/kg
325412,Treatment,L,6,1451551516.025516,0.014393,502351708.15437,2.396833,0.002399,0.001998,"[0.0008002850690372104, 0.003997410941324702]",USD/kg
325510,Treatment,L,7,118449556.984469,0.045709,70856809.304641,4.187368,0.00653,0.001209,"[0.005633926429888393, 0.007425670157339633]",USD/kg
325520,Treatment,L,11,908107.183663,11.045355,142062737.712312,1720.71062,1.004123,0.432939,"[0.7482773135623921, 1.2599690961201457]",USD/kg
325920,Treatment,L,1,282218.937229,0.105537,33524102.683027,118.787573,0.105537,0.036938,"[0.03313985724321013, 0.17793356256321163]",USD/kg
325998,Treatment,L,4,1905964646.913037,0.003121,76987015.214385,0.163706,0.00078,9.4e-05,"[0.0006885008790096862, 0.0008720140641675197]",USD/kg
326121,Treatment,L,7,3739.176344,86.582507,29458096.325105,57416.793145,12.36893,7.854027,"[6.550692027539227, 18.187167164658657]",USD/kg
326122,Treatment,L,2,39316.248794,1.438422,20365020.070703,1030.499155,0.719211,0.142396,"[0.521863058754318, 0.9165587504372592]",USD/kg
326130,Treatment,L,1,3453.890253,5.142068,2531927.920011,733.065539,5.142068,0.565627,"[4.033458131396786, 6.25067690191492]",USD/kg
326199,Treatment,L,6,11426390.223707,1.459495,169107793.380187,94.040307,0.243249,0.125126,"[0.14312963148679908, 0.34336864089117386]",USD/kg
326220,Treatment,L,4,256202722.309176,9.5e-05,30795814.945083,0.480829,2.4e-05,1.4e-05,"[9.777863152683246e-06, 3.7686247218279645e-05]",USD/kg
326291,Treatment,L,1,6627.946772,0.141943,247504.4261,37.342549,0.141943,0.035486,"[0.0723921390046589, 0.2114935902905169]",USD/kg
326299,Treatment,L,2,4283904.173937,0.02282,19338298.608564,9.39122,0.01141,0.002905,"[0.007384609018388883, 0.015435338602151993]",USD/kg
327310,Treatment,L,1,24743999.657277,0.043761,34591111.60864,1.39796,0.043761,0.003063,"[0.037756975798243456, 0.04976473369070339]",USD/kg
331111,Treatment,L,3,1818374592.311501,0.022677,423894539.247158,0.812086,0.007559,0.000393,"[0.007114510502772895, 0.008003429011846142]",USD/kg
331210,Treatment,L,4,10079981638.168015,3.3e-05,184956905.562198,0.073396,8e-06,5e-06,"[3.4049316973145706e-06, 1.3123429496059167e-05]",USD/kg
331312,Treatment,L,1,75778685.238226,0.00012,7029425.464561,0.092763,0.00012,1e-06,"[0.00011744847498858674, 0.00012214440922876763]",USD/kg
331421,Treatment,L,3,897265.138776,0.532139,293169862.590131,980.229279,0.17738,0.046085,"[0.12523090254867572, 0.2295281464255504]",USD/kg
332112,Treatment,L,2,815373.462877,0.085171,17534206.93158,43.008542,0.042586,0.004818,"[0.03590834091994771, 0.049262954669739956]",USD/kg
332212,Treatment,L,6,89303332.293079,0.016594,51003810.333247,3.426497,0.002766,0.002303,"[0.0009226380724683455, 0.004608562209219737]",USD/kg
332321,Treatment,L,1,20582.982622,0.314719,2684811.423548,130.438405,0.314719,0.147918,"[0.024805193859741337, 0.6046330428269305]",USD/kg
332510,Treatment,L,2,764761413.118096,0.000337,15401159.373284,0.039487,0.000168,9e-05,"[4.2959799454439924e-05, 0.00029369769057936755]",USD/kg
332812,Treatment,L,1,22136162.787123,0.007255,3629911.984154,0.163981,0.007255,0.002031,"[0.0032735036581228267, 0.011236383296165685]",USD/kg
332919,Treatment,L,2,1692.081386,43.769047,32179467.694691,38027.557968,21.884524,10.522793,"[7.300945045726982, 36.4681021013056]",USD/kg
334412,Treatment,L,5,245641040.171937,0.007929,29914651.438168,0.608922,0.001586,0.001773,"[3.174557644850776e-05, 0.00313995631084521]",USD/kg
334413,Treatment,L,1,3051309958273.8784,3e-06,59888099.693901,2e-05,3e-06,1e-06,"[1.5689963724818854e-06, 4.356119809495992e-06]",USD/kg
336411,Treatment,L,5,25524480.869815,0.035928,311799222.040853,57.664433,0.007186,0.000482,"[0.00676304190125593, 0.007608046363800643]",USD/kg
336413,Treatment,L,4,2301105971.776248,0.000418,162807460.218769,0.287166,0.000104,3.8e-05,"[6.759811080862405e-05, 0.0001412938351371978]",USD/kg
336414,Treatment,L,4,88549094.13794,0.008376,2939337748.14654,132.775825,0.002094,4.2e-05,"[0.00205296730059566, 0.0021350509499727653]",USD/kg
336612,Treatment,L,1,1772.496002,16.188158,11291473.727434,6370.380364,16.188158,10.360421,"[-4.1178943590007755, 36.494211138416105]",USD/kg
339113,Treatment,L,1,483144.440036,0.04227,2465512.90611,5.103056,0.04227,0.001268,"[0.03978500821262222, 0.0447559236635232]",USD/kg
339991,Treatment,L,2,1505368.403058,0.326855,23268177.298471,30.912,0.163428,0.09476,"[0.03209960598461706, 0.29475571740063267]",USD/kg
339999,Treatment,L,6,6861.93527,17.694338,5524390.032273,4829.587803,2.949056,1.011316,"[2.1398500908637903, 3.7582624263284155]",USD/kg
311119,Treatment,A,23,13537930431.36955,0.00371,697898387.656279,1.185511,0.000161,0.000147,"[0.00010123540005451643, 0.00022137229995303662]",USD/kg
311225,Treatment,A,12,32566705149.92345,1.8e-05,807526853.545912,0.29754,1e-06,1e-06,"[6.357607515724441e-07, 2.3102326074780634e-06]",USD/kg
311511,Treatment,A,1,238812762.21281,0.000645,83136069.309776,0.348122,0.000645,0.000329,"[2.700470096323208e-07, 0.0012906847303069922]",USD/kg
311513,Treatment,A,1,298608172.528448,0.000451,28100880.348342,0.094106,0.000451,0.000144,"[0.00016821375918956263, 0.0007341926737306319]",USD/kg
311514,Treatment,A,1,52044618248.32482,2.4e-05,51478392.341049,0.000989,2.4e-05,1.7e-05,"[-9.873568243317558e-06, 5.7899788722056656e-05]",USD/kg
311613,Treatment,A,3,1789005786.627855,0.001712,134138445.699615,0.257964,0.000571,0.000247,"[0.0002910690302579035, 0.0008503579957440045]",USD/kg
311615,Treatment,A,1,32622066.852094,0.011226,49455909.816486,1.516026,0.011226,0.001123,"[0.009025768024024649, 0.013426290664939599]",USD/kg
311999,Treatment,A,7,6189323736.614802,0.001715,81140899.887989,0.088638,0.000245,0.000324,"[4.904015502387452e-06, 0.0004850563810104597]",USD/kg
313210,Treatment,A,2,42772115380.59455,1e-06,30588628.680312,0.00143,1e-06,1e-06,"[-7.569422685116265e-08, 1.3676308789602993e-06]",USD/kg
313230,Treatment,A,22,5811055034.326648,0.022872,689561645.686992,2.588151,0.00104,0.003121,"[-0.00026445968362245626, 0.002343733639164692]",USD/kg
313320,Treatment,A,19,15733622592.341694,0.002772,282525600.907492,0.455376,0.000146,0.000108,"[9.727911059161825e-05, 0.00019449718626719385]",USD/kg
321212,Treatment,A,8,16045671721.70589,0.000453,138631933.094935,0.079861,5.7e-05,2.6e-05,"[3.8856180424204706e-05, 7.43601780287873e-05]",USD/kg
321219,Treatment,A,15,1076650599516.7224,0.000441,473076332.722285,0.007915,2.9e-05,3.1e-05,"[1.3839605500615719e-05, 4.49510472408535e-05]",USD/kg
321911,Treatment,A,4,4058873119.741643,0.000374,33451525.817876,0.03296,9.4e-05,6.6e-05,"[2.939468285432576e-05, 0.0001578250806061498]",USD/kg
321918,Treatment,A,9,229756887.187068,0.017639,123086992.22481,4.617914,0.00196,0.001588,"[0.0009227500737364967, 0.0029970928112210233]",USD/kg
321999,Treatment,A,6,2152881.277949,0.444279,107127393.68412,275.640754,0.074046,0.141473,"[-0.03915367099824797, 0.18724652695457744]",USD/kg
322110,Treatment,A,1,11065801641108.719,1e-06,79203792.35265,7e-06,1e-06,0.0,"[9.237622868243168e-07, 9.606970103522951e-07]",USD/kg
322121,Treatment,A,6,12537521531706.84,2e-05,1378588058.227304,0.000687,3e-06,1e-06,"[2.825311024192623e-06, 3.876067937056904e-06]",USD/kg
322122,Treatment,A,1,464644314.245365,7e-06,9986911.936018,0.021494,7e-06,0.0,"[6.400440070799503e-06, 6.656348422811855e-06]",USD/kg
322130,Treatment,A,10,633697994613.7509,0.001459,1669962542.450342,0.034913,0.000146,9e-06,"[0.00014022209211254569, 0.00015166380919573035]",USD/kg
322221,Treatment,A,13,inf,0.002613,420794118.628075,0.527665,0.000201,7e-06,"[0.00019706757927647723, 0.00020494691864843503]",USD/kg
322222,Treatment,A,7,93746652434.59952,0.000203,199729485.128936,0.016781,2.9e-05,2e-06,"[2.7246070789275222e-05, 3.0650315763636714e-05]",USD/kg
322291,Treatment,A,8,8255867092.465513,0.00186,722598135.853032,0.700185,0.000233,9.2e-05,"[0.00016874625611986718, 0.0002963724966840478]",USD/kg
323110,Treatment,A,4,153412221402.57898,0.001497,197421433.34676,0.011317,0.000374,0.000165,"[0.00021280992411277778, 0.0005354564602240662]",USD/kg
323117,Treatment,A,5,794810192.228741,0.000973,71675282.015403,0.417486,0.000195,1.3e-05,"[0.00018312880673840198, 0.00020600973238898846]",USD/kg
324110,Treatment,A,8,7167968934669.639,0.001308,25267064664.437305,0.056918,0.000163,1.8e-05,"[0.0001506505823724272, 0.00017628159401683738]",USD/kg
324191,Treatment,A,6,1663481.014379,0.575242,101750650.44419,366.999862,0.095874,0.063407,"[0.04513827759838807, 0.1466091536067001]",USD/kg
324199,Treatment,A,8,48366969.870791,0.194679,376058423.317944,60.439667,0.024335,0.020649,"[0.010026218616943926, 0.038643469187741364]",USD/kg
325110,Treatment,A,8,157422029681.02496,0.000632,13744956341.949594,1.365006,7.9e-05,4e-06,"[7.593555371272878e-05, 8.213167523000487e-05]",USD/kg
325120,Treatment,A,11,2142060446.814069,0.012191,355044606.533003,2.737218,0.001108,0.000147,"[0.0010214226201943138, 0.0011952028649154657]",USD/kg
325131,Treatment,A,3,16976648183.747143,0.000223,152247873.905631,0.028255,7.4e-05,1e-05,"[6.268620567388392e-05, 8.599973235786676e-05]",USD/kg
325132,Treatment,A,4,75950569.308069,0.008808,131889679.177726,7.380545,0.002202,0.000308,"[0.0018998396933563664, 0.002504041025428356]",USD/kg
325181,Treatment,A,10,2654216602.833658,0.016793,1709940400.062874,8.017125,0.001679,5.3e-05,"[0.0016464315372833765, 0.0017122606953954254]",USD/kg
325182,Treatment,A,5,36330070630.31899,0.000607,341547731.992919,0.053124,0.000121,3e-06,"[0.00011893716100004422, 0.0001236926172699046]",USD/kg
325188,Treatment,A,7,5004928143.326574,0.038514,310282192.78093,0.526372,0.005502,0.003785,"[0.0026982094865096204, 0.008305697389958013]",USD/kg
325193,Treatment,A,12,3999207343566.465,1.8e-05,1993868778.63071,0.008114,2e-06,1e-06,"[1.1327844699213701e-06, 1.907412397511848e-06]",USD/kg
325199,Treatment,A,5,720950969735.8668,0.000308,719744690.223022,0.006408,6.2e-05,1.1e-05,"[5.194250232337118e-05, 7.126035544481574e-05]",USD/kg
325211,Treatment,A,7,1125461172914.158,0.00011,716131812.741323,0.004969,1.6e-05,6e-06,"[1.1443077250739968e-05, 2.00977103287031e-05]",USD/kg
325212,Treatment,A,17,72888426539.9201,0.000412,1228834340.908425,0.341751,2.4e-05,7e-06,"[2.0898835851015133e-05, 2.7545241073568105e-05]",USD/kg
325222,Treatment,A,10,11077274.934975,1.319798,531846341.110991,509.054275,0.13198,0.100166,"[0.06989761654675612, 0.19406188402732877]",USD/kg
325311,Treatment,A,5,5090747724.593736,0.00035,226416892.323329,0.221331,7e-05,2e-06,"[6.870781044239042e-05, 7.145495006813384e-05]",USD/kg
325312,Treatment,A,2,5552320343.911267,0.0014,366354475.520952,0.13249,0.0007,4.9e-05,"[0.000631368843404567, 0.000768559278387422]",USD/kg
325320,Treatment,A,8,1507263233.547061,0.047129,704554867.750084,4.197251,0.005891,0.000667,"[0.005429317935507017, 0.006353037638642096]",USD/kg
325411,Treatment,A,4,869597581.191232,0.026121,112438476.635788,0.569309,0.00653,0.001567,"[0.004994446655356709, 0.008066271001786309]",USD/kg
325412,Treatment,A,17,516969427.511536,0.465738,2061229433.229933,77.557809,0.027396,0.038406,"[0.009139759844017749, 0.04565295219803472]",USD/kg
325510,Treatment,A,11,2965113583.36209,0.006596,151041961.192184,0.60429,0.0006,0.000139,"[0.0005173936374890274, 0.0006819390599631561]",USD/kg
325520,Treatment,A,16,2472149417.830974,0.011784,268491436.168363,1.835805,0.000737,0.000383,"[0.0005488502730621507, 0.0009241685801794022]",USD/kg
325611,Treatment,A,1,475937268.796927,0.00019,48384023.782684,0.101661,0.00019,1.3e-05,"[0.00016423994937359086, 0.00021647277540516369]",USD/kg
325613,Treatment,A,5,1863295396.439432,0.003037,279033328.728837,0.813725,0.000607,4.1e-05,"[0.0005717653523772976, 0.0006432042524079989]",USD/kg
325620,Treatment,A,1,357696.689472,0.268941,77035747.362553,215.366118,0.268941,0.040341,"[0.18987344740220266, 0.34800755684658014]",USD/kg
325991,Treatment,A,7,82565672.932981,0.028449,133313061.956965,11.255329,0.004064,0.004301,"[0.0008779037283182006, 0.007250292384403037]",USD/kg
325992,Treatment,A,7,6202757820.354311,0.00166,213270311.383689,0.281963,0.000237,3.1e-05,"[0.00021385075267388713, 0.00026031848399641965]",USD/kg
325998,Treatment,A,7,2065203411769.8271,1.3e-05,176714113.419434,0.000677,2e-06,0.0,"[1.6281973184573691e-06, 2.062177412143425e-06]",USD/kg
326111,Treatment,A,1,371655.151618,0.054965,44318296.533011,119.245748,0.054965,0.033528,"[-0.010749853121724266, 0.12067889873513651]",USD/kg
326112,Treatment,A,2,1881124153.615646,0.000423,116871455.487177,0.123263,0.000211,5.1e-05,"[0.0001409478411279415, 0.00028180724867957554]",USD/kg
326113,Treatment,A,10,1064518160.359552,0.01506,232276062.690303,2.193343,0.001506,0.000619,"[0.0011222411823872925, 0.001889659331604767]",USD/kg
326121,Treatment,A,19,826739298.3005,0.004428,128139861.934073,2.936335,0.000233,0.000244,"[0.00012342360409133875, 0.00034267001260889065]",USD/kg
326122,Treatment,A,10,6336524675.879478,0.000475,202626853.437125,0.340068,4.7e-05,2.1e-05,"[3.4443289557962584e-05, 6.049345304024869e-05]",USD/kg
326130,Treatment,A,13,1065481534615.5863,1e-05,73863831.386376,0.001416,1e-06,0.0,"[5.992348104672047e-07, 9.286381726525106e-07]",USD/kg
326191,Treatment,A,16,710836310813.5791,3.2e-05,430957373.886244,0.008705,2e-06,1e-06,"[1.499065713466116e-06, 2.524166425717938e-06]",USD/kg
326199,Treatment,A,3,591659256.879219,0.005625,75834318.918593,0.362428,0.001875,0.000682,"[0.001103231967642213, 0.002646658538710347]",USD/kg
326211,Treatment,A,8,3731852435.330258,0.001089,276607603.787631,0.651559,0.000136,5.8e-05,"[9.611022141589647e-05, 0.00017615461140324767]",USD/kg
326220,Treatment,A,4,210406416.594889,0.000152,39235332.872737,0.771001,3.8e-05,2.3e-05,"[1.567862592451922e-05, 6.042921274391258e-05]",USD/kg
326291,Treatment,A,24,257056558.358798,0.072879,177648455.845377,19.17301,0.003037,0.003719,"[0.0015486972013430463, 0.0045245179364549115]",USD/kg
326299,Treatment,A,15,11491754.348117,0.670705,206162705.750674,276.018856,0.044714,0.031172,"[0.028938965241091855, 0.06048833813406329]",USD/kg
327121,Treatment,A,11,201896730662.21768,0.000168,138150649.149667,0.007994,1.5e-05,1.3e-05,"[7.498232092431489e-06, 2.3081249632685106e-05]",USD/kg
327125,Treatment,A,18,1996661433047.3184,1e-05,170814374.903431,0.001806,1e-06,1e-06,"[2.4547856043172297e-07, 8.426113070493829e-07]",USD/kg
327212,Treatment,A,6,9436600131.051722,0.001405,65507924.952481,0.042961,0.000234,5.2e-05,"[0.00019287978985005276, 0.0002755005665074616]",USD/kg
327215,Treatment,A,12,15489752002.31001,0.000608,160715647.930794,0.131158,5.1e-05,8.8e-05,"[1.0144579644423974e-06, 0.00010034008022203784]",USD/kg
327310,Treatment,A,13,482679198130.6506,0.000376,447873430.788196,0.012016,2.9e-05,7e-06,"[2.496445807409908e-05, 3.2903843105147945e-05]",USD/kg
327390,Treatment,A,11,3867806.344746,1.309484,120718370.745872,343.251516,0.119044,0.06712,"[0.07937925194446843, 0.15870869971259838]",USD/kg
327910,Treatment,A,9,9917114349.577524,0.000399,143868910.994087,0.133211,4.4e-05,1e-06,"[4.345297471697799e-05, 4.519035199523555e-05]",USD/kg
327993,Treatment,A,14,288208304354.33545,9.7e-05,330215781.52745,0.018403,7e-06,3e-06,"[5.564924610191094e-06, 8.278109424707421e-06]",USD/kg
331111,Treatment,A,14,53591705324.43209,0.029171,3256346759.843624,1.044641,0.002084,0.000234,"[0.0019611164817946083, 0.0022061470764414767]",USD/kg
331112,Treatment,A,7,14953693698.698408,0.000292,1807866017.966936,0.836745,4.2e-05,1e-06,"[4.085941705582618e-05, 4.249309629776551e-05]",USD/kg
331210,Treatment,A,3,5595683795.561789,3.3e-05,122604383.026175,0.074323,1.1e-05,6e-06,"[4.597242496540963e-06, 1.7718883414673257e-05]",USD/kg
331221,Treatment,A,3,1346209401.011138,0.000152,129349634.008788,0.288317,5.1e-05,1.4e-05,"[3.487155075716786e-05, 6.673467886276341e-05]",USD/kg
331222,Treatment,A,1,751130669.32268,4.7e-05,20512457.005125,0.027309,4.7e-05,1.6e-05,"[1.5770327678932104e-05, 7.877253100308404e-05]",USD/kg
331312,Treatment,A,6,261064898195.43274,2.8e-05,828145759.74328,0.021774,5e-06,0.0,"[4.594712009667293e-06, 4.778422061688519e-06]",USD/kg
331314,Treatment,A,20,691886770532.0061,2.4e-05,1378523554.535466,0.043865,1e-06,1e-06,"[9.536411798827061e-07, 1.4185899346271739e-06]",USD/kg
331315,Treatment,A,4,11918861483.61078,0.000588,338530269.512672,0.13821,0.000147,4.7e-05,"[0.00010082392168802676, 0.0001929496076153664]",USD/kg
331411,Treatment,A,3,1908561.19149,0.056499,1494673994.534522,2349.42339,0.018833,0.000326,"[0.018463975933196108, 0.019202219803991342]",USD/kg
331419,Treatment,A,8,27949739468.822014,0.000272,498367477.292861,0.16432,3.4e-05,1.8e-05,"[2.1314983064492867e-05, 4.660965257119364e-05]",USD/kg
331421,Treatment,A,7,37421714409.133415,8.8e-05,817640793.335524,0.162337,1.3e-05,5e-06,"[8.88839517194778e-06, 1.6291001877288303e-05]",USD/kg
331491,Treatment,A,1,56822298.860285,0.000573,772666.397485,0.013598,0.000573,0.000281,"[2.2686845318140416e-05, 0.001122603029603293]",USD/kg
331492,Treatment,A,13,12691226570.082914,0.001497,232805329.523923,0.317042,0.000115,1.7e-05,"[0.00010612594581097432, 0.0001241817363032451]",USD/kg
331511,Treatment,A,17,9732060462994.486,7.1e-05,1122191041.922165,0.004214,4e-06,2e-06,"[3.4191969169117527e-06, 4.883822656287989e-06]",USD/kg
331513,Treatment,A,2,8240324541.918678,0.000115,425819861.551848,0.103331,5.7e-05,5e-06,"[5.060149609553484e-05, 6.408883068775782e-05]",USD/kg
332112,Treatment,A,7,4225695911.373243,0.000223,67939881.012117,0.112524,3.2e-05,7e-06,"[2.6842256114695822e-05, 3.682511673707635e-05]",USD/kg
332114,Treatment,A,14,2652154025.727377,0.007106,398759838.506312,2.104772,0.000508,1.9e-05,"[0.0004975897245978693, 0.0005174848200899853]",USD/kg
332115,Treatment,A,4,96686334.90691,0.005953,102688602.693139,4.271231,0.001488,3e-05,"[0.001459172866580156, 0.0015175148742322992]",USD/kg
332116,Treatment,A,1,2336781.113841,0.014928,33802003.463872,14.465199,0.014928,0.01254,"[-0.009649131980672703, 0.03950551689117812]",USD/kg
332212,Treatment,A,5,1036156759.126619,0.001396,59731817.08976,0.288205,0.000279,0.000212,"[9.312445166528846e-05, 0.0004651551258347649]",USD/kg
332312,Treatment,A,4,10992941029.735054,1.4e-05,19375249.568143,0.007049,3e-06,1e-06,"[2.4867714031900473e-06, 4.3675674138950925e-06]",USD/kg
332321,Treatment,A,10,2375648875.177142,0.001441,124969999.05009,0.597216,0.000144,0.000214,"[1.1357124346489899e-05, 0.00027683285565959306]",USD/kg
332322,Treatment,A,6,35159791.7034,0.014214,109300720.77065,18.563894,0.002369,0.002205,"[0.0006045926272179231, 0.004133340020442409]",USD/kg
332439,Treatment,A,10,31242291475.036755,9.2e-05,467521289.190802,0.160976,9e-06,2e-06,"[8.076368268972153e-06, 1.0229045354408217e-05]",USD/kg
332811,Treatment,A,1,21229068.852877,0.00197,7264967.382181,0.342218,0.00197,0.000492,"[0.0010047120890173018, 0.0029352657600140728]",USD/kg
332812,Treatment,A,5,73437073392.05804,0.000257,72158199.390603,0.00582,5.1e-05,3.2e-05,"[2.3237112791332373e-05, 7.976197166352703e-05]",USD/kg
332813,Treatment,A,1,65376863.851484,0.013662,2614568.229973,0.039992,0.013662,0.002869,"[0.008039017308058607, 0.019285639308191008]",USD/kg
332998,Treatment,A,11,856510792.109696,0.004494,146970707.077657,1.8872,0.000409,1.4e-05,"[0.0004005608798686073, 0.0004165764777827971]",USD/kg
333111,Treatment,A,4,1189700.650212,0.117269,85294567.209831,286.755546,0.029317,0.026972,"[0.002885303914760308, 0.05574921259889193]",USD/kg
333132,Treatment,A,8,1187527.398284,0.579737,149530209.43016,1007.226486,0.072467,0.094285,"[0.0071319662338179685, 0.13780229520475534]",USD/kg
333415,Treatment,A,1,3158143965.3417,1.2e-05,47989254.400669,0.015195,1.2e-05,1e-06,"[8.917028430847953e-06, 1.4401428790256204e-05]",USD/kg
333996,Treatment,A,1,18674.139484,0.857122,57576177.514994,3083.203784,0.857122,0.231423,"[0.40354136108398714, 1.3107025908301795]",USD/kg
333999,Treatment,A,7,9097092684.875282,0.000147,63470838.212117,0.045489,2.1e-05,3e-06,"[1.8944212565878873e-05, 2.306060948579345e-05]",USD/kg
334412,Treatment,A,3,284211812262.07385,2e-06,12636814.395719,0.000174,1e-06,1e-06,"[1.5080077931287647e-08, 1.4915711467765903e-06]",USD/kg
334413,Treatment,A,3,119061642281.09451,0.000658,173529056.048298,0.004358,0.000219,9.1e-05,"[0.0001161261219640308, 0.0003224094772681208]",USD/kg
334418,Treatment,A,1,32410725.748668,7.4e-05,915644.046725,0.028251,7.4e-05,3.7e-05,"[1.482767269738518e-06, 0.00014666057344027376]",USD/kg
334419,Treatment,A,7,1064888552.731471,0.000981,127906807.269291,0.807138,0.00014,0.000163,"[1.9290294297459815e-05, 0.00026105960356222034]",USD/kg
335911,Treatment,A,1,7172605224.325641,3e-06,14550072.021805,0.002029,3e-06,0.0,"[2.6207522544386015e-06, 3.5954320417880117e-06]",USD/kg
335991,Treatment,A,15,6063440455.773179,0.004464,344924276.97907,1.787876,0.000298,0.000173,"[0.00021009337539116526, 0.00038506743981245415]",USD/kg
335999,Treatment,A,4,1597542.524067,0.188262,44049076.758818,110.236628,0.047066,0.039535,"[0.00832189929901389, 0.08580917946177306]",USD/kg
336311,Treatment,A,4,7580765.621532,0.040607,165594032.55178,87.374643,0.010152,0.00203,"[0.008161990219734834, 0.012141377088671213]",USD/kg
336312,Treatment,A,3,252032159.431317,0.002775,32054329.847071,0.37685,0.000925,0.000288,"[0.00059860207165193, 0.0012512003873040552]",USD/kg
336330,Treatment,A,1,10452364.615315,0.000103,537401.728129,0.051414,0.000103,7.3e-05,"[-4.032694195791361e-05, 0.0002463002587471965]",USD/kg
336340,Treatment,A,12,12722257.908775,0.943424,238044657.598501,230.325127,0.078619,0.08715,"[0.029309933014545035, 0.12792733597115738]",USD/kg
336350,Treatment,A,12,32089963114.30336,0.001374,574993370.967708,0.228613,0.000114,1.6e-05,"[0.00010551937882930665, 0.00012347197074693265]",USD/kg
336391,Treatment,A,14,348938829.369035,0.007517,607592468.751219,24.377381,0.000537,2e-05,"[0.0005263884618160645, 0.0005474350152235773]",USD/kg
336399,Treatment,A,6,9195323389.14604,0.000454,396774901.480849,0.270471,7.6e-05,2.8e-05,"[5.342842140263129e-05, 9.792572185785022e-05]",USD/kg
336411,Treatment,A,13,667694664.709995,0.015019,1238155937.730705,24.105699,0.001155,0.000125,"[0.0010873777562614793, 0.0012232395577893057]",USD/kg
336412,Treatment,A,4,853672178931.2415,2e-06,215828523.96861,0.001037,1e-06,0.0,"[2.673471026633101e-07, 7.810543986328681e-07]",USD/kg
336413,Treatment,A,5,1153354698.494841,0.001192,188556648.998217,0.819602,0.000238,9.6e-05,"[0.00015434579536875264, 0.00032261418409595494]",USD/kg
336415,Treatment,A,2,19342822.490065,0.007606,258359835.106248,26.713967,0.003803,5.4e-05,"[0.0037284493823932217, 0.0038775237157914464]",USD/kg
336611,Treatment,A,11,164543968.116512,0.069934,437867145.556136,29.174881,0.006358,0.000633,"[0.005983811370238145, 0.006731455312816415]",USD/kg
337110,Treatment,A,6,367967533.979017,0.021626,37964908.672077,0.561322,0.003604,0.001324,"[0.002544694578934286, 0.0046640167724967775]",USD/kg
337211,Treatment,A,1,72264613.689895,3.9e-05,9120519.438275,0.12621,3.9e-05,2e-05,"[1.610949804874514e-08, 7.69950505015398e-05]",USD/kg
337214,Treatment,A,5,88499036.128079,0.002132,48525754.167036,2.740931,0.000426,0.000543,"[-4.995560371561371e-05, 0.0009025896565786491]",USD/kg
339112,Treatment,A,6,2281987872.256074,0.000981,266681070.738132,0.703154,0.000164,6e-05,"[0.00011547170209377401, 0.0002116410982176345]",USD/kg
339113,Treatment,A,7,1323245450.919156,0.009583,213373632.082235,1.156949,0.001369,0.000109,"[0.0012885625156806716, 0.0014495612337007103]",USD/kg
339991,Treatment,A,4,10152200538.391563,0.000241,51181066.845001,0.022764,6e-05,4.9e-05,"[1.181928326040358e-05, 0.00010853096820724434]",USD/kg
311615,Treatment,S,4,104405901.014771,0.068027,239800541.90554,9.186725,0.017007,0.003401,"[0.013673452613826485, 0.02033995873789933]",USD/kg
321219,Treatment,S,5,5660734911.982567,0.002147,43640024.458209,0.038544,0.000429,0.000259,"[0.00020217653487223186, 0.0006566695105311661]",USD/kg
322110,Treatment,S,1,12480936879.037071,2.6e-05,2475118.51102,0.000198,2.6e-05,0.0,"[2.5594458394345335e-05, 2.6617799851478527e-05]",USD/kg
322121,Treatment,S,2,140952686.99279,0.123558,297567617.020726,4.222294,0.061779,0.00699,"[0.05209234932849752, 0.0714659318104126]",USD/kg
324110,Treatment,S,1,19656.174579,77.80359,66562129.305527,3386.321638,77.80359,3.112144,"[71.70390023585354, 83.90327891035086]",USD/kg
325188,Treatment,S,2,95713386.362516,0.116018,76456678.217803,1.58564,0.058009,0.02133,"[0.028448258437726682, 0.08757015607440126]",USD/kg
325199,Treatment,S,1,1283648.544481,0.756534,20203602.269665,15.739201,0.756534,0.060523,"[0.6379117245525289, 0.8751564557099739]",USD/kg
325320,Treatment,S,1,121305686.496446,0.000511,5520231.076418,0.045507,0.000511,2e-05,"[0.000470919265480407, 0.0005510393485695417]",USD/kg
325510,Treatment,S,6,18706396.444753,0.13065,37314958.717872,11.968884,0.021775,0.003734,"[0.018787563373674453, 0.024762525817325083]",USD/kg
325520,Treatment,S,1,260159850.498593,9.3e-05,3766208.393125,0.014477,9.3e-05,1.2e-05,"[6.924867960482062e-05, 0.00011660275497838453]",USD/kg
325992,Treatment,S,1,1292224.293807,0.020298,4456346.371112,3.448586,0.020298,0.001015,"[0.018308729753651356, 0.022287042312349275]",USD/kg
325998,Treatment,S,1,2724234.226197,0.257474,36791152.327328,13.505135,0.257474,0.015448,"[0.22719531621817152, 0.28775200888660785]",USD/kg
326121,Treatment,S,7,384480.351732,1.267886,46181361.762993,840.792714,0.181127,0.115012,"[0.09592618859954583, 0.26632691938410114]",USD/kg
326130,Treatment,S,2,695443.023421,0.198294,9829669.924002,28.269328,0.099147,0.015424,"[0.07777145783155326, 0.12052294563612967]",USD/kg
327993,Treatment,S,5,7856.779013,228.80007,68272215.780807,43451.442846,45.760014,10.23225,"[36.791216086468495, 54.7288119724202]",USD/kg
331511,Treatment,S,1,3151384.899301,0.039585,7447646.45178,2.363293,0.039585,0.003563,"[0.032602072296733474, 0.04656729144121282]",USD/kg
331513,Treatment,S,2,617722.353715,0.696259,188157328.408515,627.29764,0.348129,0.02954,"[0.3071902204259338, 0.3890687735525261]",USD/kg
331524,Treatment,S,5,218217638.255311,0.001145,17953615.788096,0.411336,0.000229,5e-06,"[0.0002244571252822492, 0.00023343157897496778]",USD/kg
332111,Treatment,S,1,3292206.998714,0.004165,10615884.842406,3.22455,0.004165,0.002457,"[-0.0006512675104399582, 0.008980628204021882]",USD/kg
333611,Treatment,S,1,542115.78101,0.044117,51954633.451729,95.836785,0.044117,0.015,"[0.01471793043364035, 0.07351582382996345]",USD/kg
336415,Treatment,S,3,278174.089045,1.407269,443766511.574291,4942.658753,0.46909,0.008125,"[0.4598955730597868, 0.47828354590191124]",USD/kg
336612,Treatment,S,6,193278.838815,3.323379,42130033.096289,1307.819429,0.553896,0.868329,"[-0.1408985006317366, 1.2486914871678656]",USD/kg
322110,Energy recovery,L,1,256437282.896004,0.002078,4048091.214859,0.015786,0.002078,2.1e-05,"[0.0020373528710261467, 0.0021188122097473374]",USD/kg
322121,Energy recovery,L,1,7896896.62899,0.953554,257322917.494516,32.585322,0.953554,0.076284,"[0.804039660503569, 1.1030687671247077]",USD/kg
322222,Energy recovery,L,1,305256.07054,0.339911,8592479.965973,28.148433,0.339911,0.010197,"[0.3199243177091023, 0.359897081457699]",USD/kg
324110,Energy recovery,L,1,206842108.471883,0.001478,13306406.371649,0.064331,0.001478,5.9e-05,"[0.001362185960098523, 0.0015939421448759906]",USD/kg
325110,Energy recovery,L,1,4240652.426198,0.000571,5229347.709887,1.233147,0.000571,1.1e-05,"[0.0005488015861682342, 0.0005935822080313004]",USD/kg
325120,Energy recovery,L,1,6794561.806922,0.000192,292282.703143,0.043017,0.000192,8e-06,"[0.00017657546404789028, 0.00020661721831034802]",USD/kg
325132,Energy recovery,L,1,461630.008377,0.000638,246684.586661,0.534377,0.000638,4.5e-05,"[0.0005502201773079888, 0.0007252053432801024]",USD/kg
325181,Energy recovery,L,1,16813968.853281,4e-05,322677.473728,0.019191,4e-05,0.0,"[3.941154281227316e-05, 4.0987331798622234e-05]",USD/kg
325188,Energy recovery,L,1,363462.142104,0.981808,4877120.654275,13.418511,0.981808,0.25527,"[0.48148797053634573, 1.4821285745878456]",USD/kg
325199,Energy recovery,L,1,49496307.586886,0.178392,183697039.021884,3.711328,0.178392,0.014271,"[0.15042058068428893, 0.2063632587249279]",USD/kg
325211,Energy recovery,L,1,46770220.841621,0.003476,7318191.06667,0.156471,0.003476,0.000487,"[0.0025223988105602135, 0.004430140557237457]",USD/kg
325320,Energy recovery,L,1,2388011.385448,0.040889,8695875.234491,3.641471,0.040889,0.001636,"[0.037683155911368775, 0.04409439835565417]",USD/kg
325412,Energy recovery,L,1,1154117.457793,0.000543,104425.561754,0.090481,0.000543,0.000185,"[0.0001812654292017474, 0.0009054178792148519]",USD/kg
325520,Energy recovery,L,1,5530934.149674,0.000877,756050.947408,0.136695,0.000877,0.000114,"[0.0006538829277177581, 0.001101025337094151]",USD/kg
325998,Energy recovery,L,1,21878199867.171463,5e-06,5559333.864736,0.000254,5e-06,0.0,"[4.274758643466621e-06, 5.414153811083397e-06]",USD/kg
326140,Energy recovery,L,1,1855204.304323,0.011545,8700410.274036,4.689732,0.011545,0.00254,"[0.0065669447262978525, 0.01652325657410174]",USD/kg
327310,Energy recovery,L,1,35214244.590673,0.000737,828546.014428,0.023529,0.000737,5.2e-05,"[0.0006354784682876447, 0.0008375781182660816]",USD/kg
327420,Energy recovery,L,1,48615.771807,0.805425,14507044.483747,298.402019,0.805425,0.128868,"[0.5528484681414562, 1.0580018433395066]",USD/kg
327992,Energy recovery,L,1,17462352.570199,0.031942,72058275.332163,4.126493,0.031942,0.006708,"[0.01879511810788887, 0.04508957434638624]",USD/kg
331315,Energy recovery,L,1,11523039511.384205,1.2e-05,33378993.011608,0.002897,1.2e-05,2e-06,"[8.452622940654392e-06, 1.6176025018808496e-05]",USD/kg
311119,Energy recovery,A,1,1529076.324133,0.001573,768792.639621,0.502782,0.001573,0.000299,"[0.0009874944785702305, 0.0021593624739399044]",USD/kg
311411,Energy recovery,A,1,4189704.869074,0.000543,136598.212767,0.032603,0.000543,0.000141,"[0.00026625133238934793, 0.0008195816550032597]",USD/kg
311513,Energy recovery,A,1,39454355.168439,0.003762,30957094.701182,0.784631,0.003762,0.001204,"[0.001402518266477571, 0.006121488759197239]",USD/kg
311999,Energy recovery,A,1,466213.462721,6e-06,148.28953,0.000318,6e-06,3e-06,"[1.2318457509309696e-07, 1.2184191538929839e-05]",USD/kg
312111,Energy recovery,A,1,550171167.328987,2e-05,2250987.601141,0.004091,2e-05,3e-06,"[1.4070888915071673e-05, 2.692786046711474e-05]",USD/kg
313311,Energy recovery,A,2,2240880803.213964,0.000202,17766192.859575,0.015856,0.000101,1e-05,"[8.733803220474612e-05, 0.00011511393118358461]",USD/kg
313320,Energy recovery,A,1,58215067.420994,2.5e-05,238209.473974,0.004092,2.5e-05,4e-06,"[1.6608345174935737e-05, 3.320626993229987e-05]",USD/kg
321212,Energy recovery,A,5,2793909987.207981,0.000471,41212367.469532,0.083077,9.4e-05,3.4e-05,"[6.467329553362227e-05, 0.00012376712577216622]",USD/kg
321219,Energy recovery,A,5,1797790940.367286,0.022464,132950262.781772,0.403265,0.004493,0.002713,"[0.0021152822758961757, 0.006870438142714316]",USD/kg
322110,Energy recovery,A,1,188252527.786171,0.006825,9759781.559113,0.051844,0.006825,6.8e-05,"[0.006691082943869133, 0.006958612049743507]",USD/kg
322121,Energy recovery,A,1,93035536135.16345,1.1e-05,35103469.992047,0.000377,1.1e-05,1e-06,"[9.310149224745801e-06, 1.2772671960802884e-05]",USD/kg
322130,Energy recovery,A,1,825731239.686216,0.000555,10966643.436386,0.013281,0.000555,1.1e-05,"[0.0005334199980436338, 0.0005769455268114515]",USD/kg
322222,Energy recovery,A,3,13014892.754523,0.035825,12259142.161262,2.96675,0.011942,0.000621,"[0.01123964949866377, 0.012643981176994137]",USD/kg
323110,Energy recovery,A,1,565005691.303988,0.001086,4640386.70061,0.008213,0.001086,0.000239,"[0.0006177720948240472, 0.0015543920731083463]",USD/kg
324110,Energy recovery,A,1,172598115.39167,0.016015,120306129.292061,0.69703,0.016015,0.000641,"[0.014759317598654795, 0.01727040142772008]",USD/kg
324191,Energy recovery,A,1,109997823.22435,0.000128,8958798.192149,0.081445,0.000128,3.4e-05,"[6.010297865468023e-05, 0.0001952145119094864]",USD/kg
324199,Energy recovery,A,1,4925906.062856,0.033546,51301947.516895,10.414723,0.033546,0.010064,"[0.013821424877470578, 0.05327111115257295]",USD/kg
325110,Energy recovery,A,1,9619776.33887,0.001717,35650509.604794,3.70596,0.001717,3.4e-05,"[0.0016493061698598308, 0.0017838847822224308]",USD/kg
325120,Energy recovery,A,1,97851875.556366,6.5e-05,1424878.177821,0.014562,6.5e-05,3e-06,"[5.977192950092907e-05, 6.994125640907102e-05]",USD/kg
325181,Energy recovery,A,1,1509981.424179,0.00123,886580.245108,0.587146,0.00123,1.2e-05,"[0.001205789428735943, 0.0012540004239438378]",USD/kg
325188,Energy recovery,A,1,10024382.578178,0.106997,14659127.29744,1.462347,0.106997,0.027819,"[0.0524724819130563, 0.16152213467815812]",USD/kg
325199,Energy recovery,A,1,10159319.588386,0.673076,142260008.689434,14.002907,0.673076,0.053846,"[0.5675395286767291, 0.7786122488036129]",USD/kg
325211,Energy recovery,A,1,19620858939.1907,0.000113,100160192.794511,0.005105,0.000113,1.6e-05,"[8.229180073541338e-05, 0.00014453077064569735]",USD/kg
325212,Energy recovery,A,1,503147267.465085,4e-06,1518578.000889,0.003018,4e-06,0.0,"[3.137641396884749e-06, 4.135497751919005e-06]",USD/kg
325222,Energy recovery,A,1,20652630.399838,0.006115,48711476.514802,2.358609,0.006115,0.001468,"[0.0032385767869624717, 0.008991498478702814]",USD/kg
325311,Energy recovery,A,3,16936531.099774,0.038714,137418630.548514,24.453164,0.012905,0.000224,"[0.012651647413367243, 0.013157497355555941]",USD/kg
325320,Energy recovery,A,3,1323031432.869939,0.003718,113960979.521614,0.331127,0.001239,8.6e-05,"[0.00114220280380971, 0.0013365320450492236]",USD/kg
325411,Energy recovery,A,1,46892901.025038,0.00196,2003517.39299,0.042725,0.00196,0.000235,"[0.0014992879103515777, 0.002421421917005935]",USD/kg
325412,Energy recovery,A,1,10970473.662912,0.005465,9984497.449876,0.910125,0.005465,0.001858,"[0.0018233036659545065, 0.009107372242259198]",USD/kg
325510,Energy recovery,A,3,526980534.762454,5e-06,75439.270884,0.000435,2e-06,0.0,"[1.3649771508431484e-06, 1.799077467660016e-06]",USD/kg
325520,Energy recovery,A,1,5633506.383929,0.001044,916425.390798,0.162674,0.001044,0.000136,"[0.0007781543453992783, 0.00131027683112157]",USD/kg
325611,Energy recovery,A,1,16774775.830397,1e-06,9084.744773,0.000542,1e-06,0.0,"[8.749485970898768e-07, 1.1532063415221385e-06]",USD/kg
325613,Energy recovery,A,1,2138263.258336,0.001383,792063.108829,0.370424,0.001383,4.1e-05,"[0.001301393279961192, 0.0014639951306001315]",USD/kg
325992,Energy recovery,A,2,114081713.809095,0.000624,6049414.854252,0.106038,0.000312,2.2e-05,"[0.0002814795050297884, 0.00034264231997891147]",USD/kg
325998,Energy recovery,A,2,110641182.314831,0.004034,11705055.436929,0.211586,0.002017,0.000171,"[0.0017797421863674193, 0.0022541150845543172]",USD/kg
326112,Energy recovery,A,2,1073343.877373,1.043747,163329116.740823,304.324895,0.521873,0.125467,"[0.34798839536727344, 0.6957584556535016]",USD/kg
326113,Energy recovery,A,4,1489263747.352797,0.00155,83885632.231658,0.225811,0.000388,0.000101,"[0.00028884487561604887, 0.00048636462746179973]",USD/kg
326130,Energy recovery,A,1,211611698.563313,1.9e-05,572519.488511,0.002706,1.9e-05,2e-06,"[1.488625144849666e-05, 2.3069322911997765e-05]",USD/kg
326140,Energy recovery,A,2,3713742.154748,0.029357,22143291.743787,11.925048,0.014678,0.004567,"[0.00834921211475765, 0.021007664859928353]",USD/kg
326211,Energy recovery,A,1,597872788.289315,2e-06,821793.083719,0.001375,2e-06,0.0,"[1.6220315199614222e-06, 2.9729234609313317e-06]",USD/kg
326220,Energy recovery,A,8,10930907788.205217,1.9e-05,130060706.62554,0.096601,2e-06,2e-06,"[9.822113197560023e-07, 3.7856797583385596e-06]",USD/kg
326291,Energy recovery,A,1,186302.876052,0.007088,347418.391411,1.864804,0.007088,0.001772,"[0.0036151031795201554, 0.010561521751114102]",USD/kg
326299,Energy recovery,A,6,27059011.360087,0.026908,49939459.008407,11.07356,0.004485,0.001977,"[0.0029024951893282334, 0.0060668067770191705]",USD/kg
327310,Energy recovery,A,3,5371738898.532896,0.001432,82109651.261829,0.045751,0.000477,5.8e-05,"[0.00041189118623531043, 0.0005428839243396644]",USD/kg
331111,Energy recovery,A,1,1429403.753342,0.184324,9435273.038729,6.600845,0.184324,0.00553,"[0.1734857830351301, 0.19516186651844034]",USD/kg
331210,Energy recovery,A,2,109311633.630883,0.000999,121206143.681278,2.217617,0.000499,0.000212,"[0.00020575537857779673, 0.0007930309457691346]",USD/kg
332439,Energy recovery,A,2,3459106933.830023,9e-06,25911377.344657,0.014982,4e-06,0.0,"[3.758384809821661e-06, 4.7601455751691925e-06]",USD/kg
332722,Energy recovery,A,1,279670489295.3608,1e-06,11955981.212106,4.3e-05,1e-06,0.0,"[-1.1913440897319124e-07, 1.2264464153121032e-06]",USD/kg
332812,Energy recovery,A,2,44683773.688656,0.045526,22333786.569266,1.029005,0.022763,0.009014,"[0.010270853076108418, 0.03525496043219216]",USD/kg
332813,Energy recovery,A,1,1126648.153059,0.145663,480385.477407,0.426385,0.145663,0.030589,"[0.08570943419394846, 0.20561732483355072]",USD/kg
332999,Energy recovery,A,1,72372320.660615,1.1e-05,365867.206612,0.005055,1.1e-05,2e-06,"[7.289666161673257e-06, 1.3950441541978832e-05]",USD/kg
334412,Energy recovery,A,1,5139072.057123,0.01403,5537038.718187,1.077439,0.01403,0.007015,"[0.00028085623991249906, 0.027779502583105905]",USD/kg
334413,Energy recovery,A,1,12635.395627,0.11275,9438.280777,0.746972,0.11275,0.02706,"[0.0597133974434117, 0.16578668890361392]",USD/kg
335991,Energy recovery,A,2,1438355.027389,0.098536,26047923.907229,39.467105,0.049268,0.010451,"[0.03478336038000119, 0.06375231729540885]",USD/kg
336312,Energy recovery,A,1,2530247.699284,0.041203,14159341.49805,5.59603,0.041203,0.007417,"[0.026666787735378464, 0.05573902384030112]",USD/kg
336413,Energy recovery,A,1,1008818145.330828,5e-06,3784402.202007,0.003751,5e-06,1e-06,"[3.5322074609577776e-06, 7.3830338257807734e-06]",USD/kg
339112,Energy recovery,A,3,34651.213313,13.39231,110840305.929074,9595.935432,4.464103,1.159808,"[3.1516809932178305, 5.7765254563804636]",USD/kg
339999,Energy recovery,A,4,673301306.847276,2.7e-05,1249004.667406,0.00742,7e-06,2e-06,"[4.931278246348082e-06, 8.660904717647519e-06]",USD/kg
313320,Energy recovery,S,1,306972159.191754,1e-06,36647.611381,0.000119,1e-06,0.0,"[4.84562076175904e-07, 9.688201281326622e-07]",USD/kg
322121,Energy recovery,S,1,21390719775.75197,7e-06,5293533.724723,0.000247,7e-06,1e-06,"[6.106266348255687e-06, 8.377238118188068e-06]",USD/kg
322130,Energy recovery,S,1,5015523396.876322,7e-06,834082.740232,0.000166,7e-06,0.0,"[6.679241698291109e-06, 7.224248499221725e-06]",USD/kg
324110,Energy recovery,S,1,257577.178646,0.197113,2209785.526475,8.57912,0.197113,0.007885,"[0.18165916611930633, 0.21256583855823058]",USD/kg
325199,Energy recovery,S,1,21170522.831983,0.028225,12431283.488916,0.587198,0.028225,0.002258,"[0.023799196431615516, 0.03265031758500468]",USD/kg
325211,Energy recovery,S,1,2599712.876265,0.034471,4033648.619425,1.551575,0.034471,0.004826,"[0.02501221236407715, 0.04392945951148956]",USD/kg
325412,Energy recovery,S,1,1153742.317733,0.003578,687457.201467,0.59585,0.003578,0.001217,"[0.001193699515068731, 0.005962509719105935]",USD/kg
325991,Energy recovery,S,3,685769789.641126,3e-06,266614.084862,0.001166,1e-06,1e-06,"[2.1224793738320998e-07, 1.7528796773226302e-06]",USD/kg
326112,Energy recovery,S,1,609669335.098338,0.000575,102192984.139228,0.16762,0.000575,9.8e-05,"[0.0003833398823742427, 0.0007664392494169389]",USD/kg
326113,Energy recovery,S,4,15373143052.084888,0.000153,85450727.059256,0.022234,3.8e-05,1e-05,"[2.8439935896497863e-05, 4.788791491570121e-05]",USD/kg
327310,Energy recovery,S,1,52348192.013933,0.001808,3023073.295886,0.057749,0.001808,0.000127,"[0.001559730534021016, 0.002055767788966443]",USD/kg
327992,Energy recovery,S,1,63440350.370528,0.004988,40883530.743807,0.64444,0.004988,0.001048,"[0.0029352613112718687, 0.007041705317356475]",USD/kg
331315,Energy recovery,S,2,12304548554.230732,7.3e-05,102482401.018418,0.017216,3.7e-05,8e-06,"[2.511812347659778e-05, 4.806926756767297e-05]",USD/kg
311119,Recycling,W,1,28738956.567102,1.3e-05,122561.145447,0.004265,1.3e-05,3e-06,"[8.375995555752576e-06, 1.8315859863000938e-05]",USD/kg
311411,Recycling,W,1,555216668.242231,8e-06,279115.335,0.000503,8e-06,2e-06,"[4.105361511317108e-06, 1.263722871032127e-05]",USD/kg
311412,Recycling,W,1,30610326.743124,0.003349,83831736.190946,2.738675,0.003349,0.000971,"[0.0014453623150238986, 0.005252169375868909]",USD/kg
311513,Recycling,W,4,473719328.364176,0.015957,354495255.257046,3.328108,0.003989,0.002553,"[0.001487238880365025, 0.006491263825932621]",USD/kg
311514,Recycling,W,3,128483720.352847,0.144527,253469028.342985,5.953209,0.048176,0.060079,"[-0.01980864962008347, 0.11616029783845519]",USD/kg
311615,Recycling,W,4,402691840.281385,5e-05,680001.561281,0.006755,1.3e-05,3e-06,"[1.0054229867127042e-05, 1.4956180155400376e-05]",USD/kg
311999,Recycling,W,1,762595849.753357,1e-05,408157.830215,0.000535,1e-05,5e-06,"[2.0728331523355435e-07, 2.0502401487534158e-05]",USD/kg
316110,Recycling,W,3,467761806.661166,0.000568,20635755.491814,0.135188,0.000189,3.3e-05,"[0.00015211903447718165, 0.00022628482885048626]",USD/kg
321113,Recycling,W,1,1641580344.808462,6e-05,3399534.786995,0.002071,6e-05,7e-06,"[4.6048517801978205e-05, 7.437056584095377e-05]",USD/kg
321211,Recycling,W,1,650177.549576,0.245364,39335294.622717,60.499312,0.245364,0.041712,"[0.1636101358752099, 0.3271176193839854]",USD/kg
321219,Recycling,W,1,38707442.49545,0.024242,16844906.726753,0.435185,0.024242,0.006545,"[0.01141358805686376, 0.037071341080415814]",USD/kg
322110,Recycling,W,1,1443072407.430874,0.000181,1984602.264722,0.001375,0.000181,2e-06,"[0.00017749351592338212, 0.00018459022687612714]",USD/kg
322130,Recycling,W,1,22111043885.029137,4e-06,2059032.67642,9.3e-05,4e-06,0.0,"[3.7401436086261913e-06, 4.045328507636506e-06]",USD/kg
322222,Recycling,W,1,7449559017.279736,3.4e-05,20854887.709988,0.002799,3.4e-05,1e-06,"[3.181781294310039e-05, 3.5793271666835316e-05]",USD/kg
324110,Recycling,W,1,593813606.957911,0.000458,11837504.822877,0.019935,0.000458,1.8e-05,"[0.0004221089857067187, 0.0004939247076075671]",USD/kg
324122,Recycling,W,1,1908905646.646567,4.3e-05,30617890.385085,0.016039,4.3e-05,3e-06,"[3.666766529117122e-05, 5.030467815572903e-05]",USD/kg
324199,Recycling,W,1,2520794601.596524,4e-05,31309513.446917,0.01242,4e-05,1.2e-05,"[1.648329190647888e-05, 6.353058987005385e-05]",USD/kg
325131,Recycling,W,1,139763004.545296,0.000227,4012536.658897,0.02871,0.000227,1.8e-05,"[0.00019108271367112374, 0.0002621479806805058]",USD/kg
325132,Recycling,W,1,5462400.161082,0.000827,3784527.110057,0.692832,0.000827,5.8e-05,"[0.0007133729517357954, 0.0009402451921727916]",USD/kg
325188,Recycling,W,1,95562865.937243,0.015911,20781284.485275,0.217462,0.015911,0.004137,"[0.007803049199866699, 0.02401954544192346]",USD/kg
325199,Recycling,W,1,4276779092.23214,0.00236,209994408.022151,0.049101,0.00236,0.000189,"[0.0019900721334246137, 0.0027301966837445344]",USD/kg
325211,Recycling,W,1,100156922219.28346,2e-06,8524264.079385,8.5e-05,2e-06,0.0,"[1.3720039277643154e-06, 2.40967852491488e-06]",USD/kg
325222,Recycling,W,1,12059323906.157772,4e-06,16740433.470674,0.001388,4e-06,1e-06,"[1.906083916654441e-06, 5.2920007040972185e-06]",USD/kg
325311,Recycling,W,1,15362452506.294416,7e-06,71820165.559647,0.004675,7e-06,0.0,"[7.256364906209121e-06, 7.546495641628426e-06]",USD/kg
325320,Recycling,W,1,1631885473.348444,0.000113,16456535.657072,0.010084,0.000113,5e-06,"[0.0001043564024423053, 0.0001221111307947994]",USD/kg
325411,Recycling,W,1,143033332.88655,0.000623,1941386.783164,0.013573,0.000623,7.5e-05,"[0.000476292599249024, 0.0007692354021976108]",USD/kg
325510,Recycling,W,1,10723593.650081,0.001606,1577762.73785,0.14713,0.001606,0.000112,"[0.001385700597010989, 0.0018263915403020359]",USD/kg
325520,Recycling,W,1,2764916521.530064,2e-06,1038118.8853,0.000375,2e-06,0.0,"[1.796025475338072e-06, 3.024195112901522e-06]",USD/kg
325613,Recycling,W,2,1831220573.82708,0.000322,79055120.313175,0.086175,0.000161,7e-06,"[0.00015137675498006444, 0.00017029043840112053]",USD/kg
325620,Recycling,W,5,126757.335227,0.980689,19909534.521929,785.330534,0.196138,0.065787,"[0.13847435004987407, 0.253801260292574]",USD/kg
325920,Recycling,W,1,246505.574281,0.165688,45971101.682069,186.491124,0.165688,0.057991,"[0.05202807890535176, 0.2793476557550907]",USD/kg
325991,Recycling,W,1,185658646146.1506,1e-06,41990067.696376,0.000226,1e-06,0.0,"[1.2348612061138521e-07, 1.019827631400254e-06]",USD/kg
325998,Recycling,W,1,242395808.159786,0.001535,19511783.961999,0.080496,0.001535,9.2e-05,"[0.001354167236176571, 0.0017151072877050263]",USD/kg
326112,Recycling,W,1,726775549.995413,6.1e-05,12958301.611808,0.01783,6.1e-05,1e-05,"[4.0776040450037136e-05, 8.152649717310266e-05]",USD/kg
326113,Recycling,W,1,319920623110.4553,1e-06,25495296.266881,8e-05,1e-06,0.0,"[4.0775336953518514e-07, 6.865858888695996e-07]",USD/kg
326121,Recycling,W,1,162838960.941334,7.2e-05,7735237.737771,0.047502,7.2e-05,1.7e-05,"[3.793688194331223e-05, 0.00010532695029903976]",USD/kg
326199,Recycling,W,3,4384230369.749946,0.000426,41314799.693844,0.027442,0.000142,5.2e-05,"[8.353479859228922e-05, 0.0002004003640741418]",USD/kg
326291,Recycling,W,1,325466.586787,0.000106,9111.794923,0.027996,0.000106,2.7e-05,"[5.4273143734906214e-05, 0.00015855895657551817]",USD/kg
326299,Recycling,W,1,224260666.670305,0.000345,31863228.641455,0.142081,0.000345,6.2e-05,"[0.00022344579023200528, 0.00046704726314798127]",USD/kg
327112,Recycling,W,1,18505100409.77222,2e-06,7153191.222312,0.000387,2e-06,0.0,"[1.7124745778391931e-06, 1.7809443302671907e-06]",USD/kg
327113,Recycling,W,1,3725819523.151108,1e-06,3037943.389093,0.000815,1e-06,0.0,"[6.045793526293531e-07, 1.061835067055399e-06]",USD/kg
327125,Recycling,W,1,484976111.634114,1.8e-05,1608490.423391,0.003317,1.8e-05,5e-06,"[8.115923879988595e-06, 2.7858111993175692e-05]",USD/kg
327211,Recycling,W,1,4803406701.059861,6e-06,56550271.590306,0.011773,6e-06,1e-06,"[4.163613281256583e-06, 7.010801968061099e-06]",USD/kg
327215,Recycling,W,1,455729763.30808,7.7e-05,7601958.604511,0.016681,7.7e-05,3.9e-05,"[1.5482372751405275e-06, 0.00015313621444703034]",USD/kg
327310,Recycling,W,1,1985632153.787136,0.000406,25730013.000831,0.012958,0.000406,2.8e-05,"[0.000349980456069793, 0.0004612838773510676]",USD/kg
327320,Recycling,W,1,206620775.649969,0.006152,31850066.387013,0.154147,0.006152,0.001784,"[0.0026551538878304914, 0.00964831986618663]",USD/kg
327331,Recycling,W,2,212356400.767877,5.1e-05,2726677.170083,0.025653,2.6e-05,8e-06,"[1.4644945043075971e-05, 3.6848518534247255e-05]",USD/kg
327390,Recycling,W,1,1743422074.542359,1.3e-05,5853869.318663,0.003358,1.3e-05,2e-06,"[8.541373352734832e-06, 1.7077387672042013e-05]",USD/kg
327420,Recycling,W,1,16037101670.295668,1e-06,5834108.529947,0.000364,1e-06,0.0,"[6.739892567859292e-07, 1.2898324173127352e-06]",USD/kg
327910,Recycling,W,1,2100761.322761,0.000285,200149.513585,0.095275,0.000285,3e-06,"[0.00027970401941803064, 0.000290887405852201]",USD/kg
327992,Recycling,W,2,67321968.096906,0.003196,13959048.968905,0.412922,0.001598,0.000475,"[0.0009403775182754919, 0.002255969969465417]",USD/kg
327993,Recycling,W,1,57272710.500527,1.1e-05,121737.994805,0.002126,1.1e-05,1e-06,"[8.998877755139532e-06, 1.3386290017332774e-05]",USD/kg
331210,Recycling,W,1,447439.201559,0.024612,24450511.313297,54.645438,0.024612,0.007383,"[0.01014024986126059, 0.03908297315673959]",USD/kg
331222,Recycling,W,1,621586176.770787,2e-06,597649.86823,0.000961,2e-06,1e-06,"[5.552441720215842e-07, 2.7734356346496496e-06]",USD/kg
331316,Recycling,W,3,29847153642.263454,2e-05,52047612.586846,0.005388,7e-06,2e-06,"[4.885104962331337e-06, 8.579809635725088e-06]",USD/kg
331491,Recycling,W,4,955173953920.4296,3.2e-05,177031154.772293,0.000752,8e-06,8e-06,"[3.138437434490065e-07, 1.5529789720749562e-05]",USD/kg
331492,Recycling,W,1,230698823.82409,2e-06,77757.127176,0.000337,2e-06,0.0,"[1.466703577500103e-06, 1.7162419190172196e-06]",USD/kg
331511,Recycling,W,1,1654509850.421451,1e-06,132395.373001,8e-05,1e-06,0.0,"[1.1039033572179273e-06, 1.5767644734549904e-06]",USD/kg
331512,Recycling,W,1,590880424.828354,1.4e-05,10253474.847996,0.017353,1.4e-05,2e-06,"[9.938289293786934e-06, 1.7454820500881016e-05]",USD/kg
331521,Recycling,W,3,3657980711.903288,5.8e-05,27569756.965977,0.022612,1.9e-05,3e-06,"[1.6319743215724418e-05, 2.238919286330533e-05]",USD/kg
331522,Recycling,W,1,21507211544.484497,2e-06,7818637.714551,0.000364,2e-06,0.0,"[2.043944924850151e-06, 2.4880746855287446e-06]",USD/kg
331525,Recycling,W,1,78851575.050327,0.000632,11535569.664316,0.146295,0.000632,0.000259,"[0.000124198937056055, 0.0011404609392992903]",USD/kg
332116,Recycling,W,2,244385999.431324,2e-06,288540.537085,0.002332,1e-06,1e-06,"[-7.776816837691389e-07, 3.18398763283987e-06]",USD/kg
332212,Recycling,W,1,10605644.400836,6.1e-05,133282.428053,0.012567,6.1e-05,2.1e-05,"[2.030336845462484e-05, 0.00010141499616368626]",USD/kg
332510,Recycling,W,1,547144102.546388,7.7e-05,4931508.459926,0.009013,7.7e-05,2.9e-05,"[1.9611576060062606e-05, 0.00013407591912924336]",USD/kg
332811,Recycling,W,1,24108147.393399,0.000368,1543259.68475,0.064014,0.000368,9.2e-05,"[0.00018793777362798546, 0.0005490600919145522]",USD/kg
332812,Recycling,W,1,234194158.520678,7e-06,37772.809919,0.000161,7e-06,2e-06,"[3.2197511775669423e-06, 1.1051876560348574e-05]",USD/kg
332813,Recycling,W,1,345282045.994326,0.000648,655025.905529,0.001897,0.000648,0.000136,"[0.0003813392843815259, 0.0009148346882215931]",USD/kg
332912,Recycling,W,4,15202239353.241413,1.1e-05,36740316.855622,0.010014,3e-06,2e-06,"[4.7279980849612974e-07, 4.875156759172005e-06]",USD/kg
334412,Recycling,W,2,1181718215.247121,1.9e-05,818934.708038,0.001434,9e-06,7e-06,"[1.8696147143346124e-07, 1.8492367056702e-05]",USD/kg
334413,Recycling,W,1,36675947740.146484,2.3e-05,5640376.122937,0.000154,2.3e-05,6e-06,"[1.22940352324109e-05, 3.413283252518489e-05]",USD/kg
336311,Recycling,W,1,105122372.373094,9e-06,1940111.185727,0.018456,9e-06,1e-06,"[6.8960771450695655e-06, 1.0258266770329083e-05]",USD/kg
336330,Recycling,W,1,515550534.493416,1.9e-05,4827418.982574,0.009364,1.9e-05,1.3e-05,"[-7.344369780207007e-06, 4.4856368704771086e-05]",USD/kg
336399,Recycling,W,1,2477469596.401172,1e-06,1612444.20572,0.000651,1e-06,0.0,"[7.713984796382498e-07, 1.4138496136609332e-06]",USD/kg
336412,Recycling,W,1,129464395.286607,8e-06,522752.805808,0.004038,8e-06,2e-06,"[4.163829401340017e-06, 1.216462507607269e-05]",USD/kg
336510,Recycling,W,1,3431072286.259765,2e-06,5507848.331548,0.001605,2e-06,0.0,"[1.0455230837721751e-06, 2.0008472730396253e-06]",USD/kg
339112,Recycling,W,1,501045225.434816,7e-06,2642840.68781,0.005275,7e-06,1e-06,"[5.197209775561027e-06, 9.525651433404028e-06]",USD/kg
339113,Recycling,W,1,2250423.589781,1.4e-05,3713.398184,0.00165,1.4e-05,0.0,"[1.2864603546611046e-05, 1.4471964193561368e-05]",USD/kg
339991,Recycling,W,1,1474564.974724,0.000358,49858.391361,0.033812,0.000358,0.000147,"[7.022260555995645e-05, 0.0006448214501288853]",USD/kg
339993,Recycling,W,1,203362496.885935,5.1e-05,1480082.411703,0.007278,5.1e-05,1e-06,"[5.0256381882682995e-05, 5.226577931839624e-05]",USD/kg
311119,Recycling,L,1,45687176.833535,8e-06,122561.145447,0.002683,8e-06,2e-06,"[5.268816967178467e-06, 1.1521366334580359e-05]",USD/kg
311613,Recycling,L,1,23985597.012864,0.000138,500284.983043,0.020858,0.000138,3.5e-05,"[7.060326147176061e-05, 0.00020626738566078]",USD/kg
311999,Recycling,L,1,513208595.28041,1.5e-05,408157.830215,0.000795,1.5e-05,8e-06,"[3.080100321271043e-07, 3.0465285320928526e-05]",USD/kg
321911,Recycling,L,1,51550334.820901,0.000762,3459251.393592,0.067104,0.000762,0.000267,"[0.00023938240471847445, 0.0012852850805576005]",USD/kg
322110,Recycling,L,1,16845393105.022566,1.6e-05,1984602.264722,0.000118,1.6e-05,0.0,"[1.5205106448394872e-05, 1.5813051166310974e-05]",USD/kg
322222,Recycling,L,1,2989533.383392,0.084239,20854887.709988,6.975967,0.084239,0.002527,"[0.07928617778185365, 0.08919254462416734]",USD/kg
323110,Recycling,L,1,23466696178.089172,2e-06,283308.827013,1.2e-05,2e-06,0.0,"[9.081029604520134e-07, 2.284900945056229e-06]",USD/kg
324110,Recycling,L,1,63642458.64241,0.004274,11837504.822877,0.186,0.004274,0.000171,"[0.003938472282163257, 0.004608546219718702]",USD/kg
324191,Recycling,L,3,10703293.861516,0.0173,40392081.847966,11.037018,0.005767,0.002697,"[0.002714943683027831, 0.00881813876462095]",USD/kg
325110,Recycling,L,1,7606887.906486,0.000333,5474199.161674,0.719637,0.000333,7e-06,"[0.0003202684023448763, 0.0003464013775066823]",USD/kg
325120,Recycling,L,1,11364046.764219,0.000108,276336.799278,0.024317,0.000108,4e-06,"[9.981467692149732e-05, 0.00011679669654710602]",USD/kg
325131,Recycling,L,1,2168169.531473,0.1026,28182395.697474,12.998244,0.1026,0.008208,"[0.08651258453923592, 0.11868734175214661]",USD/kg
325132,Recycling,L,1,1538733.935211,0.038173,49220262.773008,31.987507,0.038173,0.002672,"[0.032935853813215815, 0.0434103621711905]",USD/kg
325181,Recycling,L,1,79655722.076945,9e-06,334092.854734,0.004194,9e-06,0.0,"[8.613412280871356e-06, 8.957801747473362e-06]",USD/kg
325188,Recycling,L,1,317834759.30647,0.004784,20781284.485275,0.065384,0.004784,0.001244,"[0.0023461302540215678, 0.007221918099671239]",USD/kg
325199,Recycling,L,1,529356848823.5269,2e-06,25132883.773643,4.7e-05,2e-06,0.0,"[1.9242951852707983e-06, 2.639956735804886e-06]",USD/kg
325211,Recycling,L,1,443139859.473982,0.000427,8524264.079385,0.019236,0.000427,6e-05,"[0.00031009553245956676, 0.0005446271181289383]",USD/kg
325222,Recycling,L,1,3794400803.982885,1.1e-05,16740433.470674,0.004412,1.1e-05,3e-06,"[6.057895444025269e-06, 1.6818979833478657e-05]",USD/kg
325320,Recycling,L,1,19867445.882144,0.009301,16456535.657072,0.828317,0.009301,0.000372,"[0.008571695536846152, 0.010030045213677227]",USD/kg
325411,Recycling,L,1,2527398.748953,0.022651,1247694.014633,0.493667,0.022651,0.002718,"[0.017323408588220544, 0.02797813611591758]",USD/kg
325412,Recycling,L,1,168406510.036202,0.002247,63013105.362721,0.374173,0.002247,0.000764,"[0.0007496010405761832, 0.0037442450411233263]",USD/kg
325414,Recycling,L,1,658018.060101,0.574345,198337640.241706,301.416712,0.574345,0.005743,"[0.5630876454532948, 0.5856015397781374]",USD/kg
325510,Recycling,L,1,19936803.311388,0.000864,1577762.73785,0.079138,0.000864,6e-05,"[0.0007453396560587395, 0.0009823781886315486]",USD/kg
325520,Recycling,L,1,112642679.057903,5.9e-05,1038118.8853,0.009216,5.9e-05,8e-06,"[4.4085071052850854e-05, 7.423160654491958e-05]",USD/kg
325611,Recycling,L,1,2982412.202062,0.001835,2922656.413466,0.979964,0.001835,0.000128,"[0.0015832030902371826, 0.002086705264345282]",USD/kg
325991,Recycling,L,2,6860281.685364,0.038469,52848744.338196,15.219683,0.019234,0.010881,"[0.004154917230003035, 0.0343139729093362]",USD/kg
325992,Recycling,L,1,104214133.38246,6.5e-05,1158693.540784,0.011118,6.5e-05,3e-06,"[5.9028145786927165e-05, 7.185439953912704e-05]",USD/kg
325998,Recycling,L,1,333906487.467464,0.001114,19511783.961999,0.058435,0.001114,6.7e-05,"[0.000983043079174997, 0.0012450636111839763]",USD/kg
326112,Recycling,L,1,15569701437.217493,3e-06,12958301.611808,0.000832,3e-06,0.0,"[1.903378131187023e-06, 3.805562043761974e-06]",USD/kg
326113,Recycling,L,3,3078420317.130973,0.000162,21908640.158007,0.023594,5.4e-05,1.2e-05,"[4.02395876197065e-05, 6.775648001417265e-05]",USD/kg
326121,Recycling,L,1,1640864361.874008,7e-06,7735237.737771,0.004714,7e-06,2e-06,"[3.7648464922156356e-06, 1.0452619695040993e-05]",USD/kg
326199,Recycling,L,1,167815789.105975,0.000877,9486556.84193,0.05653,0.000877,0.000184,"[0.00051622919230568, 0.001238436194581401]",USD/kg
326211,Recycling,L,1,39761171.924649,1e-05,241821.09303,0.006082,1e-05,2e-06,"[7.1769611981608525e-06, 1.315421806643665e-05]",USD/kg
327125,Recycling,L,1,293802.897547,0.029691,1608490.423391,5.474726,0.029691,0.008313,"[0.013396835900861076, 0.04598497477294096]",USD/kg
327215,Recycling,L,1,242256.677695,0.002807,146658.889633,0.605386,0.002807,0.001403,"[5.61890963054674e-05, 0.005557665895001732]",USD/kg
331210,Recycling,L,1,19011187.844474,0.000579,24450511.313297,1.286112,0.000579,0.000174,"[0.0002386565920367333, 0.0009198401723693878]",USD/kg
331312,Recycling,L,1,23788957.732365,6e-06,102008.095058,0.004288,6e-06,0.0,"[5.429174998498354e-06, 5.6462493264013765e-06]",USD/kg
331316,Recycling,L,2,203503.368594,0.115894,3011545.162573,30.917311,0.057947,0.011473,"[0.0420467320772773, 0.073847534456089]",USD/kg
331419,Recycling,L,1,6631679.179657,0.006015,24125652.605742,3.63794,0.006015,0.001143,"[0.003775211800440983, 0.008255287366113195]",USD/kg
331421,Recycling,L,3,3853644.773705,0.094287,223099238.762603,173.681254,0.031429,0.008165,"[0.022188951763451564, 0.04066878754156869]",USD/kg
331491,Recycling,L,7,228078.150662,350.783436,271423160.499759,8329.65239,50.111919,64.966002,"[1.9853163642776934, 98.2385225449144]",USD/kg
331513,Recycling,L,1,189192.396113,0.001433,244345.2978,1.291518,0.001433,8.6e-05,"[0.0012649228433535694, 0.0016020756735672418]",USD/kg
331522,Recycling,L,1,2326052.320525,0.020952,7818637.714551,3.361334,0.020952,0.001048,"[0.018898782067856824, 0.023005307373341517]",USD/kg
331525,Recycling,L,1,685893.020619,0.041005,6506945.747918,9.486823,0.041005,0.016812,"[0.008053969999711377, 0.0739558518670216]",USD/kg
332312,Recycling,L,1,98283.823754,0.002376,120093.053649,1.221901,0.002376,0.000333,"[0.00172437059443591, 0.00302854729955314]",USD/kg
332321,Recycling,L,1,166033.517441,0.000215,14769.000139,0.088952,0.000215,0.000101,"[1.69157972797651e-05, 0.0004123269521270554]",USD/kg
332439,Recycling,L,1,113723.982909,0.00013,26014.102012,0.228748,0.00013,8e-06,"[0.00011476533681477807, 0.00014535491650403683]",USD/kg
332510,Recycling,L,1,120313.875153,0.349458,4931508.459926,40.988693,0.349458,0.132794,"[0.08918637330245166, 0.6097289140713686]",USD/kg
332710,Recycling,L,1,1283181.200076,0.04409,1034307.958967,0.80605,0.04409,0.023368,"[-0.0017098677016878158, 0.08989075990098866]",USD/kg
332721,Recycling,L,6,3124774.09257,0.039785,2671679.303037,5.112395,0.006631,0.006659,"[0.001302390165892735, 0.011959241738581174]",USD/kg
332811,Recycling,L,1,102602.664441,0.086585,1543259.68475,15.041127,0.086585,0.021646,"[0.04415900475975683, 0.12901050568067823]",USD/kg
332812,Recycling,L,1,693782.442961,0.002409,37772.809919,0.054445,0.002409,0.000674,"[0.001086863649155191, 0.003730686697805681]",USD/kg
332813,Recycling,L,1,11127130988.653341,2e-05,655025.905529,5.9e-05,2e-05,4e-06,"[1.1833203766858926e-05, 2.8387909984868607e-05]",USD/kg
332911,Recycling,L,2,11462819.723585,0.010762,18369711.307477,3.204942,0.005381,0.002131,"[0.002427886328813464, 0.008333780633595682]",USD/kg
332919,Recycling,L,1,221844.557911,0.01034,1993056.259483,8.984021,0.01034,0.003516,"[0.0034497006990921618, 0.017231199046905232]",USD/kg
332999,Recycling,L,1,158386.119429,0.00111,83657.58625,0.528188,0.00111,0.000178,"[0.0007616314435886422, 0.0014575557638262869]",USD/kg
333111,Recycling,L,3,506802.797398,5.2e-05,21498.967,0.127261,1.7e-05,1.4e-05,"[1.7073112446441248e-06, 3.2988295292993796e-05]",USD/kg
333120,Recycling,L,2,24784.505891,1.23352,12111181.746234,976.332974,0.61676,0.261669,"[0.25411172123155223, 0.9794079747134572]",USD/kg
333132,Recycling,L,1,26087.20262,0.000529,23965.95332,0.918686,0.000529,0.000243,"[5.204024416690289e-05, 0.0010055102413708554]",USD/kg
333415,Recycling,L,5,276407675.433148,0.000686,48562000.233424,0.894537,0.000137,3.7e-05,"[0.00010498714968515264, 0.00016955928444190423]",USD/kg
333999,Recycling,L,1,500460.669723,0.003879,600618.320467,1.200131,0.003879,0.000194,"[0.0034986020744189744, 0.00425881497601428]",USD/kg
334413,Recycling,L,1,31271887.354554,0.053046,10989833.350806,0.351429,0.053046,0.012731,"[0.028093428732486818, 0.07799784853846922]",USD/kg
335999,Recycling,L,2,279684.166911,0.001353,110802.94068,0.792359,0.000677,0.000402,"[0.00011963237542647154, 0.0012335592637638284]",USD/kg
336340,Recycling,L,1,27755485.485659,0.001783,12084433.993207,0.435389,0.001783,0.000571,"[0.0006648631119893248, 0.0029018888122357544]",USD/kg
336399,Recycling,L,1,15736886.84855,8.8e-05,823211.144939,0.052311,8.8e-05,1.3e-05,"[6.200044910805771e-05, 0.00011363687294190665]",USD/kg
336411,Recycling,L,1,468265.469837,0.000513,385768.514936,0.823824,0.000513,1.5e-05,"[0.0004831018537782486, 0.0005434627428968617]",USD/kg
336415,Recycling,L,1,15910223.024227,3.8e-05,2108281.122629,0.132511,3.8e-05,0.0,"[3.698895902205174e-05, 3.8467886008521165e-05]",USD/kg
336510,Recycling,L,1,300299.670118,0.017403,5507848.331548,18.341173,0.017403,0.002785,"[0.011945618441630886, 0.022860669893078365]",USD/kg
336611,Recycling,L,1,13893.499113,0.104652,606567.315174,43.658355,0.104652,0.00314,"[0.09849832673112899, 0.11080514470685893]",USD/kg
337110,Recycling,L,1,118865.630782,2.063202,6365475.103807,53.551856,2.063202,0.30948,"[1.4566316965573387, 2.669772129172012]",USD/kg
337122,Recycling,L,1,5699.02425,2.135662,3646388.020703,639.826725,2.135662,1.90074,"[-1.58971864723069, 5.861043481298027]",USD/kg
337211,Recycling,L,2,430998.240313,0.060797,43700379.764676,199.274842,0.030399,0.021925,"[1.2717759203126344e-05, 0.06078429688794275]",USD/kg
337214,Recycling,L,1,372716.771707,0.002613,1252502.088573,3.360466,0.002613,0.00149,"[-0.0003062356214344293, 0.0055330149937965695]",USD/kg
339112,Recycling,L,1,466729743.347202,9.4e-05,31485156.759212,0.067459,9.4e-05,1.4e-05,"[6.646860621376304e-05, 0.00012182628783502434]",USD/kg
339993,Recycling,L,1,443263.428327,0.023518,1480082.411703,3.339058,0.023518,0.000235,"[0.02305686111461335, 0.02397874199548243]",USD/kg
325188,Recycling,A,1,6972517331.972041,0.000159,15138888.252626,0.002171,0.000159,4.1e-05,"[7.790861863723825e-05, 0.00023982030072379885]",USD/kg
325199,Recycling,A,1,223747587676.4927,1.4e-05,66116396.906876,0.000295,1.4e-05,1e-06,"[1.1976467027671571e-05, 1.643061576147804e-05]",USD/kg
325320,Recycling,A,1,34588290000.539894,9e-06,28196026.139403,0.000815,9e-06,0.0,"[8.435856299991543e-06, 9.871094900803139e-06]",USD/kg
325998,Recycling,A,3,2778161.426461,1.536913,74661937.460073,80.614917,0.512304,0.05324,"[0.4520584432217109, 0.5725502063004051]",USD/kg
326113,Recycling,A,3,193159872.121493,0.006137,57551791.161911,0.893836,0.002046,0.000461,"[0.0015244605431949478, 0.0025669269104735587]",USD/kg
327310,Recycling,A,4,39690050612.88216,0.000347,109947795.618949,0.011081,8.7e-05,1.2e-05,"[7.48208462791959e-05, 9.861593548947483e-05]",USD/kg
324122,Recycling,S,1,669699681.264072,2.4e-05,5953478.685989,0.00889,2.4e-05,2e-06,"[2.0322782442357057e-05, 2.7880996018522834e-05]",USD/kg
325131,Recycling,S,3,414734959.338822,0.004492,78676532.482658,0.569097,0.001497,0.000207,"[0.0012625825218607425, 0.0017321475720611565]",USD/kg
325181,Recycling,S,1,7856.345779,0.019795,74242.856608,9.45005,0.019795,0.000198,"[0.019407031493454824, 0.020182981489393383]",USD/kg
325320,Recycling,S,1,26498537425.277058,1e-06,1898831.037354,7.2e-05,1e-06,0.0,"[7.415403339642486e-07, 8.677026669292232e-07]",USD/kg
326299,Recycling,S,1,33850.383887,0.121855,1697519.111172,50.147706,0.121855,0.021934,"[0.07886541263315991, 0.16484479340205382]",USD/kg
327112,Recycling,S,1,26133891.698335,0.000618,3576595.611156,0.136857,0.000618,6e-06,"[0.0006062915232428846, 0.0006305328352207911]",USD/kg
327310,Recycling,S,1,777450796.63597,0.001574,39102691.059304,0.050296,0.001574,0.00011,"[0.0013584270398836523, 0.0017904442410667184]",USD/kg
331111,Recycling,S,1,14865539649.594978,1e-06,280258.779456,1.9e-05,1e-06,0.0,"[4.954991149992893e-07, 5.574089729411129e-07]",USD/kg
331112,Recycling,S,1,486464.408639,1.1e-05,15755.407832,0.032388,1.1e-05,0.0,"[1.1070714076917333e-05, 1.151335367102105e-05]",USD/kg
331419,Recycling,S,1,23979531280.317074,3e-06,40209421.009569,0.001677,3e-06,1e-06,"[1.740094722391352e-06, 3.8050797510008844e-06]",USD/kg
331511,Recycling,S,1,3836248.257467,0.000512,117350.444251,0.03059,0.000512,4.6e-05,"[0.0004219933796239423, 0.000602755816144221]",USD/kg
331513,Recycling,S,1,3437186604.468982,1e-06,2687798.275804,0.000782,1e-06,0.0,"[7.658739320490367e-07, 9.700101488420083e-07]",USD/kg
331521,Recycling,S,1,6177841.562043,0.007736,18611555.499946,3.012631,0.007736,0.000619,"[0.006522940256118452, 0.008948876553972883]",USD/kg
331524,Recycling,S,5,6024040383.900273,9.8e-05,42226108.160237,0.035046,2e-05,0.0,"[1.9124012522890977e-05, 1.988864659093332e-05]",USD/kg
331525,Recycling,S,1,269824.578104,0.13705,8555481.285826,31.707568,0.13705,0.05619,"[0.02691857987823644, 0.24718076998260285]",USD/kg
332116,Recycling,S,10,1219732823.784123,1.9e-05,2244405.437524,0.018399,2e-06,5e-06,"[-1.2273310734765097e-06, 5.02494406247242e-06]",USD/kg
332321,Recycling,S,1,9608851.67584,6e-06,24615.000232,0.002562,6e-06,3e-06,"[4.871531336280685e-07, 1.1874484157379015e-05]",USD/kg
332999,Recycling,S,1,62836.148637,0.000699,20914.396563,0.33284,0.000699,0.000112,"[0.0004799460636988327, 0.0009184864377104137]",USD/kg
336311,Recycling,S,1,1210681.023588,0.000559,1455083.389295,1.201872,0.000559,5.6e-05,"[0.00044908525166844563, 0.0006680372358550255]",USD/kg
