NAICS code,Total PACE,RSE for total PACE,Treatment for air,Treatment for water,Treatment for solid waste,Prevention for air,Prevention for water,Prevention for solid waste,Recycling for air,Recycling for water,Recycling for solid waste,Disposal for air,Disposal for water,Disposal for solid waste,Total establishments (employees >= 20),Mean PACE,Standard deviation PACE,CI at 95% for Mean PACE
311,448.0,8.0,0.193637,0.315746,0.062843,0.085146,0.13884,0.027633,0.020097,0.03277,0.006522,0.039513,0.06443,0.012824,1761,0.254401,0.85406,"[0.21451157909942328, 0.2942902380499236]"
3111,14.2,21.0,0.293137,0.101827,0.043199,0.340417,0.11825,0.050167,0.002364,0.000821,0.000348,0.033096,0.011497,0.004877,163,0.087117,0.233568,"[0.05126004538712612, 0.12297308344722971]"
31111,14.2,21.0,0.293137,0.101827,0.043199,0.340417,0.11825,0.050167,0.002364,0.000821,0.000348,0.033096,0.011497,0.004877,163,0.087117,0.233568,"[0.05126004538712612, 0.12297308344722971]"
311111,5.8,43.0,0.128419,0.099881,0.047562,0.337099,0.262188,0.124851,0.0,0.0,0.0,0.0,0.0,0.0,23,0.252174,0.520035,"[0.03964564445900451, 0.46470218162795196]"
311119,8.4,19.0,0.456889,0.072837,0.026486,0.291631,0.046492,0.016906,0.004861,0.000775,0.000282,0.068047,0.010848,0.003945,140,0.06,0.134887,"[0.03765641057624339, 0.08234358942375662]"
3112,89.4,7.0,0.504472,0.141283,0.040696,0.186811,0.052318,0.01507,0.007407,0.002074,0.000597,0.03621,0.010141,0.002921,91,0.982418,0.656017,"[0.8476323668653665, 1.1172027979697985]"
311211,4.3,30.0,0.634747,0.031737,0.015869,0.218878,0.010944,0.005472,0.010944,0.000547,0.000274,0.065663,0.003283,0.001642,33,0.130303,0.22456,"[0.05368625636191912, 0.2069198042441415]"
311222,19.4,27.0,0.446913,0.151026,0.0,0.30051,0.101552,0.0,0.0,0.0,0.0,0.0,0.0,0.0,14,1.385714,1.399914,"[0.6524077606413712, 2.1190208107872]"
311225,1.4,29.0,0.253968,0.042328,0.0,0.571429,0.095238,0.0,0.0,0.0,0.0,0.031746,0.005291,0.0,13,0.107692,0.112604,"[0.04648112479051831, 0.16890349059409707]"
3113,18.5,6.0,0.087419,0.131128,0.104903,0.167553,0.251329,0.201064,0.000728,0.001093,0.000874,0.01457,0.021855,0.017484,93,0.198925,0.115102,"[0.1755316126576402, 0.22231784970795118]"
31131,14.9,1.0,0.086421,0.118261,0.136455,0.149119,0.204058,0.235452,0.000847,0.001159,0.001338,0.016945,0.023188,0.026756,11,1.354545,0.044925,"[1.3279968514821392, 1.3810940576087698]"
31134,2.0,53.0,0.004646,0.18583,0.0,0.019744,0.789779,0.0,0.0,0.0,0.0,0.0,0.0,0.0,27,0.074074,0.203997,"[-0.0028726601337947105, 0.15102080828194286]"
311340,2.0,53.0,0.004646,0.18583,0.0,0.019744,0.789779,0.0,0.0,0.0,0.0,0.0,0.0,0.0,27,0.074074,0.203997,"[-0.0028726601337947105, 0.15102080828194286]"
3114,75.7,14.0,0.152672,0.39391,0.09194,0.07192,0.185561,0.043311,0.006624,0.017091,0.003989,0.007886,0.020347,0.004749,178,0.425281,0.794354,"[0.30858596456092424, 0.5419758331918848]"
31141,36.9,22.0,0.106749,0.512812,0.152797,0.028092,0.134951,0.04021,0.001124,0.005398,0.001608,0.002247,0.010796,0.003217,78,0.473077,0.919182,"[0.26908990222440826, 0.6770639439294379]"
311411,30.0,26.0,0.135256,0.624478,0.1036,0.018278,0.084389,0.014,0.001044,0.004822,0.0008,0.002089,0.009644,0.0016,32,0.9375,1.378858,"[0.4597587787683619, 1.415241221231638]"
311412,6.9,29.0,0.021844,0.152909,0.202058,0.033606,0.235245,0.310859,0.00084,0.005881,0.007771,0.00168,0.011762,0.015543,45,0.153333,0.298291,"[0.06618026815411894, 0.24048639851254777]"
31142,38.9,17.0,0.170961,0.291949,0.048658,0.131442,0.224463,0.037411,0.015464,0.026407,0.004401,0.016323,0.027875,0.004646,99,0.392929,0.664632,"[0.2620076582852184, 0.5238509275733674]"
3115,71.3,41.0,0.033477,0.36886,0.031043,0.007151,0.078786,0.00663,0.01766,0.194577,0.016375,0.01896,0.208901,0.017581,169,0.421893,2.248692,"[0.08286611147893852, 0.7609208707695821]"
31151,70.9,42.0,0.033699,0.37008,0.030636,0.007221,0.079303,0.006565,0.017725,0.194652,0.016114,0.018929,0.207869,0.017208,146,0.485616,2.464445,"[0.0858643319751114, 0.8853685447372175]"
311511,23.2,51.0,0.015394,0.303683,0.004198,0.00821,0.161964,0.002239,0.000205,0.004049,5.6e-05,0.02381,0.469697,0.006494,65,0.356923,1.467579,"[0.00014932515264731716, 0.7136968286935065]"
311513,10.0,32.0,0.087273,0.229495,0.006465,0.046364,0.121919,0.003434,0.09,0.236667,0.006667,0.046364,0.121919,0.003434,52,0.192308,0.44376,"[0.07169452402830438, 0.31292086058708024]"
311514,37.2,72.0,0.024512,0.448432,0.062002,0.001109,0.020281,0.002804,0.015274,0.279425,0.038634,0.004927,0.090137,0.012463,24,1.55,5.467261,"[-0.6373198067467005, 3.737319806746701]"
3116,109.9,10.0,0.089036,0.413232,0.0728,0.029021,0.134693,0.023729,0.008312,0.038577,0.006796,0.028458,0.132077,0.023268,278,0.395324,0.659136,"[0.31784171154642016, 0.47280577046796834]"
31161,109.9,10.0,0.089036,0.413232,0.0728,0.029021,0.134693,0.023729,0.008312,0.038577,0.006796,0.028458,0.132077,0.023268,278,0.395324,0.659136,"[0.31784171154642016, 0.47280577046796834]"
311611,29.7,28.0,0.077181,0.312081,0.110738,0.038332,0.154993,0.054998,0.014504,0.058646,0.02081,0.024346,0.098442,0.034931,69,0.430435,1.001129,"[0.19421651455891173, 0.6666530506584796]"
311612,22.0,15.0,0.070341,0.308721,0.050802,0.052571,0.230728,0.037968,0.004443,0.019498,0.003209,0.036281,0.159235,0.026203,113,0.19469,0.310438,"[0.1374523792125471, 0.2519281517609042]"
311613,18.9,25.0,0.157557,0.348285,0.016585,0.028647,0.063325,0.003015,0.000796,0.001759,8.4e-05,0.114587,0.253298,0.012062,28,0.675,0.892941,"[0.3442560776088659, 1.005743922391134]"
311615,39.2,10.0,0.060238,0.602378,0.07718,0.008932,0.089318,0.011444,0.005193,0.051929,0.006653,0.007062,0.070624,0.009049,67,0.585075,0.478904,"[0.470402107173179, 0.6997471465581644]"
3117,1.9,27.0,0.0,0.245614,0.087719,0.0,0.28655,0.102339,0.0,0.0,0.0,0.0,0.204678,0.073099,58,0.032759,0.06736,"[0.015423077171223317, 0.050094164208087016]"
31171,1.9,27.0,0.0,0.245614,0.087719,0.0,0.28655,0.102339,0.0,0.0,0.0,0.0,0.204678,0.073099,58,0.032759,0.06736,"[0.015423077171223317, 0.050094164208087016]"
311712,1.9,27.0,0.0,0.245614,0.087719,0.0,0.28655,0.102339,0.0,0.0,0.0,0.0,0.204678,0.073099,49,0.038776,0.073286,"[0.018255887263896986, 0.05929513314426628]"
3118,18.5,17.0,0.267568,0.197297,0.035135,0.227289,0.167597,0.029846,0.005754,0.004243,0.000756,0.034525,0.025458,0.004534,476,0.038866,0.144151,"[0.025915784177776322, 0.05181530825919847]"
31181,15.4,19.0,0.270197,0.173048,0.024287,0.266445,0.170644,0.02395,0.007505,0.004807,0.000675,0.033775,0.021631,0.003036,393,0.039186,0.147597,"[0.024593245244874818, 0.05377825602738982]"
311812,11.7,24.0,0.270144,0.081671,0.015706,0.414639,0.125356,0.024107,0.012565,0.003799,0.000731,0.037694,0.011396,0.002192,178,0.06573,0.210468,"[0.034811354670851294, 0.09664931948645207]"
311813,3.5,7.0,0.07205,0.744513,0.024017,0.012422,0.128364,0.004141,0.0,0.0,0.0,0.001242,0.012836,0.000414,27,0.12963,0.04715,"[0.1118447712513958, 0.14741448800786344]"
31182,2.6,48.0,0.189459,0.405983,0.108262,0.059829,0.128205,0.034188,0.0,0.0,0.0,0.019943,0.042735,0.011396,59,0.044068,0.162476,"[0.0026095753778646105, 0.08552601784247438]"
3119,48.7,19.0,0.266281,0.297006,0.060169,0.112488,0.125468,0.025418,0.010546,0.011763,0.002383,0.037789,0.042149,0.008539,251,0.194024,0.584044,"[0.12177073008386806, 0.2662770786810722]"
31191,11.8,6.0,0.191612,0.168486,0.029733,0.258259,0.22709,0.040075,0.029158,0.025639,0.004525,0.012496,0.010988,0.001939,48,0.245833,0.102191,"[0.21692386456136753, 0.27474280210529917]"
311919,11.1,5.0,0.19112,0.173423,0.031853,0.256274,0.232545,0.042712,0.030405,0.02759,0.005068,0.004344,0.003941,0.000724,31,0.358065,0.099681,"[0.322974838341299, 0.3931541939167655]"
31192,3.7,14.0,0.186998,0.0,0.029218,0.560993,0.0,0.087655,0.023375,0.0,0.003652,0.093499,0.0,0.014609,19,0.194737,0.118837,"[0.14130203452675014, 0.24817164968377622]"
311920,3.7,14.0,0.186998,0.0,0.029218,0.560993,0.0,0.087655,0.023375,0.0,0.003652,0.093499,0.0,0.014609,19,0.194737,0.118837,"[0.14130203452675014, 0.24817164968377622]"
31199,22.5,40.0,0.39504,0.391448,0.021548,0.069841,0.069206,0.00381,0.006548,0.006488,0.000357,0.01746,0.017302,0.000952,118,0.190678,0.828517,"[0.041189187619826345, 0.34016674458356344]"
311991,4.7,17.0,0.397606,0.345745,0.069149,0.030585,0.026596,0.005319,0.02039,0.01773,0.003546,0.04078,0.035461,0.007092,53,0.088679,0.109751,"[0.059131863704764094, 0.11822662686127366]"
311999,17.8,50.0,0.392659,0.401685,0.009027,0.07963,0.081461,0.001831,0.002746,0.002809,6.3e-05,0.013729,0.014045,0.000316,65,0.273846,1.103909,"[0.005481854424515653, 0.542210453267792]"
312,77.6,15.0,0.219361,0.270589,0.02036,0.113558,0.140077,0.01054,0.083091,0.102496,0.007712,0.013849,0.017083,0.001285,210,0.369524,0.803236,"[0.26088580580930365, 0.4781618132383153]"
31211,22.5,15.0,0.0775,0.4375,0.045,0.039365,0.222222,0.022857,0.017222,0.097222,0.01,0.004306,0.024306,0.0025,113,0.199115,0.317493,"[0.1405762969219232, 0.25765379157365204]"
312111,22.1,16.0,0.079974,0.451465,0.038697,0.040622,0.229316,0.019656,0.017772,0.100326,0.008599,0.001904,0.010749,0.000921,67,0.329851,0.431991,"[0.22641145299502047, 0.433290039542293]"
313,30.9,27.0,0.414193,0.218112,0.046266,0.065399,0.034439,0.007305,0.019818,0.010436,0.002214,0.11098,0.058442,0.012397,270,0.114444,0.507739,"[0.05388155732215677, 0.17500733156673212]"
3131,2.6,4.0,0.699301,0.034965,0.174825,0.055944,0.002797,0.013986,0.0,0.0,0.0,0.013986,0.000699,0.003497,57,0.045614,0.013775,"[0.04203796044926025, 0.04919010972617835]"
31311,2.6,4.0,0.699301,0.034965,0.174825,0.055944,0.002797,0.013986,0.0,0.0,0.0,0.013986,0.000699,0.003497,57,0.045614,0.013775,"[0.04203796044926025, 0.04919010972617835]"
3132,20.4,40.0,0.343858,0.278979,0.038927,0.025471,0.020665,0.002884,0.007641,0.0062,0.000865,0.142637,0.115725,0.016148,126,0.161905,0.726951,"[0.03497376100121555, 0.28883576280830825]"
31321,4.7,57.0,0.010865,0.116795,0.0,0.001811,0.019466,0.0,0.0,0.0,0.0,0.072431,0.778633,0.0,50,0.094,0.378868,"[-0.011014870291656084, 0.1990148702916561]"
313210,4.7,57.0,0.010865,0.116795,0.0,0.001811,0.019466,0.0,0.0,0.0,0.0,0.072431,0.778633,0.0,50,0.094,0.378868,"[-0.011014870291656084, 0.1990148702916561]"
31323,11.7,64.0,0.779841,0.103448,0.047745,0.014441,0.001916,0.000884,0.007221,0.000958,0.000442,0.036104,0.004789,0.00221,26,0.45,1.468518,"[-0.11446962754753565, 1.0144696275475356]"
313230,11.7,64.0,0.779841,0.103448,0.047745,0.014441,0.001916,0.000884,0.007221,0.000958,0.000442,0.036104,0.004789,0.00221,26,0.45,1.468518,"[-0.11446962754753565, 1.0144696275475356]"
3133,7.9,8.0,0.493591,0.103495,0.031845,0.21718,0.045538,0.014012,0.069103,0.014489,0.004458,0.004936,0.001035,0.000318,87,0.090805,0.067758,"[0.07656669841115732, 0.10504249699114154]"
31331,4.7,7.0,0.360776,0.097507,0.004875,0.29518,0.079778,0.003989,0.114792,0.031025,0.001551,0.008199,0.002216,0.000111,67,0.070149,0.040194,"[0.060524952971437646, 0.07977355449124893]"
313311,4.3,7.0,0.35695,0.108167,0.0,0.303407,0.091942,0.0,0.107085,0.03245,0.0,0.0,0.0,0.0,39,0.110256,0.048199,"[0.09512950873470369, 0.12538331177811682]"
31332,3.2,17.0,0.7,0.053846,0.107692,0.1,0.007692,0.015385,0.0125,0.000962,0.001923,0.0,0.0,0.0,19,0.168421,0.124802,"[0.1123041890742216, 0.2245379161889363]"
313320,3.2,17.0,0.7,0.053846,0.107692,0.1,0.007692,0.015385,0.0125,0.000962,0.001923,0.0,0.0,0.0,19,0.168421,0.124802,"[0.1123041890742216, 0.2245379161889363]"
314,5.3,12.0,0.102884,0.127091,0.09078,0.096832,0.119616,0.08544,0.036312,0.044856,0.03204,0.084728,0.104664,0.07476,259,0.020463,0.039519,"[0.01565043592985531, 0.025276204996785612]"
3141,3.4,11.0,0.096257,0.112299,0.064171,0.149733,0.174688,0.099822,0.032086,0.037433,0.02139,0.074866,0.087344,0.049911,103,0.03301,0.036851,"[0.025892946308563296, 0.040126471167164855]"
3149,1.9,28.0,0.102339,0.143275,0.143275,0.01462,0.020468,0.020468,0.04386,0.061404,0.061404,0.102339,0.143275,0.143275,156,0.012179,0.042594,"[0.005495507437337765, 0.018863466921636596]"
31499,1.7,30.0,0.121107,0.16955,0.121107,0.017301,0.024221,0.017301,0.051903,0.072664,0.051903,0.103806,0.145329,0.103806,101,0.016832,0.050747,"[0.006934835325589826, 0.02672853101104384]"
316,1.7,9.0,0.04902,0.130719,0.114379,0.029412,0.078431,0.068627,0.04902,0.130719,0.114379,0.039216,0.104575,0.091503,65,0.026154,0.018977,"[0.021540392467159563, 0.030767299840532742]"
3161,1.6,10.0,0.039062,0.15625,0.117187,0.015625,0.0625,0.046875,0.039062,0.15625,0.117187,0.03125,0.125,0.09375,13,0.123077,0.044376,"[0.09895428942104549, 0.14719955673280066]"
31611,1.6,10.0,0.039062,0.15625,0.117187,0.015625,0.0625,0.046875,0.039062,0.15625,0.117187,0.03125,0.125,0.09375,13,0.123077,0.044376,"[0.09895428942104549, 0.14719955673280066]"
316110,1.6,10.0,0.039062,0.15625,0.117187,0.015625,0.0625,0.046875,0.039062,0.15625,0.117187,0.03125,0.125,0.09375,13,0.123077,0.044376,"[0.09895428942104549, 0.14719955673280066]"
321,142.2,18.0,0.428008,0.02177,0.134317,0.128918,0.006557,0.040457,0.12273,0.006243,0.038515,0.053114,0.002702,0.016668,1052,0.135171,0.789158,"[0.08748361392748363, 0.18285859139571028]"
3211,17.2,12.0,0.308446,0.044064,0.068543,0.295594,0.042228,0.065687,0.107099,0.0153,0.0238,0.02142,0.00306,0.00476,259,0.066409,0.128251,"[0.05079009396103988, 0.08202843885749293]"
32111,17.2,12.0,0.308446,0.044064,0.068543,0.295594,0.042228,0.065687,0.107099,0.0153,0.0238,0.02142,0.00306,0.00476,259,0.066409,0.128251,"[0.05079009396103988, 0.08202843885749293]"
321113,16.4,12.0,0.329987,0.039598,0.065997,0.302101,0.036252,0.06042,0.111545,0.013385,0.022309,0.013943,0.001673,0.002789,220,0.074545,0.132683,"[0.05701268581102351, 0.09207822327988557]"
3212,98.1,24.0,0.535893,0.019013,0.13591,0.073616,0.002612,0.01867,0.153565,0.005448,0.038946,0.012665,0.000449,0.003212,198,0.495455,1.673199,"[0.26239700983832814, 0.7285120810707627]"
32121,98.1,24.0,0.535893,0.019013,0.13591,0.073616,0.002612,0.01867,0.153565,0.005448,0.038946,0.012665,0.000449,0.003212,198,0.495455,1.673199,"[0.26239700983832814, 0.7285120810707627]"
321211,3.5,17.0,0.450612,0.093878,0.112653,0.117551,0.02449,0.029388,0.097959,0.020408,0.02449,0.019592,0.004082,0.004898,32,0.109375,0.105182,"[0.07293191966245838, 0.14581808033754162]"
321212,5.8,16.0,0.457043,0.039743,0.079486,0.134424,0.011689,0.023378,0.134424,0.011689,0.023378,0.067212,0.005845,0.011689,17,0.341176,0.225073,"[0.2341854954321665, 0.4481674457443041]"
321213,1.9,1.0,0.897507,0.024931,0.024931,0.049861,0.001385,0.001385,0.0,0.0,0.0,0.0,0.0,0.0,11,0.172727,0.005729,"[0.1693418803903399, 0.17611266506420556]"
321219,86.5,27.0,0.541476,0.014482,0.139995,0.068359,0.001828,0.017674,0.161004,0.004306,0.041627,0.007196,0.000192,0.00186,32,2.703125,4.12862,"[1.272657535658345, 4.133592464341655]"
3219,27.0,24.0,0.173333,0.007778,0.118889,0.188313,0.00845,0.129163,0.040658,0.001824,0.027888,0.175473,0.007874,0.120357,594,0.045455,0.265878,"[0.024073120168653962, 0.06683597074043696]"
32191,16.3,25.0,0.175016,0.016335,0.189017,0.093154,0.008694,0.100606,0.022583,0.002108,0.024389,0.16937,0.015808,0.18292,255,0.063922,0.255186,"[0.03260057554117364, 0.09524256171372832]"
321911,11.1,35.0,0.14157,0.006435,0.209138,0.060167,0.002735,0.088884,0.021236,0.000965,0.031371,0.173423,0.007883,0.256194,91,0.121978,0.407259,"[0.03830263648419657, 0.20565340747184738]"
321912,1.7,1.0,0.313725,0.142602,0.02852,0.235294,0.106952,0.02139,0.019608,0.008913,0.001783,0.078431,0.035651,0.00713,78,0.021795,0.001925,"[0.02136770015721563, 0.022222043432527958]"
321918,3.5,27.0,0.225352,0.005634,0.169014,0.160966,0.004024,0.120724,0.032193,0.000805,0.024145,0.144869,0.003622,0.108652,85,0.041176,0.1025,"[0.019386282760113515, 0.06296665841635707]"
32192,2.2,10.0,0.452525,0.014141,0.169697,0.064646,0.00202,0.024242,0.161616,0.005051,0.060606,0.032323,0.00101,0.012121,150,0.014667,0.017963,"[0.011792052822674589, 0.017541280510658747]"
321920,2.2,10.0,0.452525,0.014141,0.169697,0.064646,0.00202,0.024242,0.161616,0.005051,0.060606,0.032323,0.00101,0.012121,150,0.014667,0.017963,"[0.011792052822674589, 0.017541280510658747]"
32199,8.5,60.0,0.045252,0.000348,0.013924,0.479671,0.00369,0.147591,0.054302,0.000418,0.016708,0.181008,0.001392,0.055695,188,0.045213,0.371956,"[-0.007956469793373798, 0.09838200170826741]"
321992,1.2,66.0,0.003344,0.001672,0.033445,0.003344,0.001672,0.033445,0.026756,0.013378,0.267559,0.053512,0.026756,0.535117,52,0.023077,0.109831,"[-0.006774836072225444, 0.0529286822260716]"
321999,6.4,78.0,0.076923,0.0,0.001202,0.815385,0.0,0.01274,0.030769,0.0,0.000481,0.061538,0.0,0.000962,90,0.071111,0.526203,"[-0.03760155789804388, 0.17982378012026612]"
322,573.3,4.0,0.340398,0.130819,0.042561,0.275345,0.105818,0.034427,0.023802,0.009148,0.002976,0.022994,0.008837,0.002875,636,0.901415,0.909313,"[0.8307454495385651, 0.9720847391406799]"
3221,541.0,4.0,0.336771,0.132704,0.03718,0.287256,0.113193,0.031713,0.019658,0.007746,0.00217,0.02101,0.008279,0.002319,90,6.011111,2.281056,"[5.539848659717258, 6.482373562504964]"
32211,50.9,1.0,0.209644,0.086955,0.006551,0.445153,0.184637,0.013911,0.024504,0.010164,0.000766,0.012252,0.005082,0.000383,5,10.18,0.227632,"[9.980475666373822, 10.379524333626177]"
322110,50.9,1.0,0.209644,0.086955,0.006551,0.445153,0.184637,0.013911,0.024504,0.010164,0.000766,0.012252,0.005082,0.000383,5,10.18,0.227632,"[9.980475666373822, 10.379524333626177]"
32212,309.3,7.0,0.258729,0.14057,0.039433,0.300293,0.163153,0.045768,0.014109,0.007666,0.00215,0.016588,0.009012,0.002528,51,6.064706,3.031746,"[5.232643524916144, 6.89676823978974]"
322121,289.5,8.0,0.291262,0.12872,0.043922,0.302539,0.133703,0.045622,0.016049,0.007093,0.00242,0.018001,0.007955,0.002714,47,6.159574,3.378233,"[5.193770938681965, 7.125377997488249]"
322122,19.8,1.0,0.002296,0.071931,0.00153,0.027395,0.858382,0.018263,0.0,0.0,0.0,0.000612,0.019182,0.000408,3,6.6,0.114315,"[6.470642377020357, 6.729357622979644]"
32213,180.8,2.0,0.534314,0.105358,0.040638,0.188965,0.037261,0.014372,0.029539,0.005825,0.002247,0.03258,0.006424,0.002478,33,5.478788,0.629465,"[5.264023340360702, 5.693552417215057]"
322130,180.8,2.0,0.534314,0.105358,0.040638,0.188965,0.037261,0.014372,0.029539,0.005825,0.002247,0.03258,0.006424,0.002478,33,5.478788,0.629465,"[5.264023340360702, 5.693552417215057]"
3222,32.3,7.0,0.396921,0.084493,0.151302,0.087129,0.018547,0.033213,0.089065,0.018959,0.033951,0.054214,0.011541,0.020666,545,0.059266,0.096851,"[0.051134901708174196, 0.06739720838356891]"
32221,6.8,26.0,0.108997,0.210208,0.210208,0.021194,0.040874,0.040874,0.021194,0.040874,0.040874,0.054498,0.105104,0.105104,329,0.020669,0.097473,"[0.010136120593717886, 0.031201265424519196]"
322211,5.5,31.0,0.117857,0.289286,0.192857,0.014286,0.035065,0.023377,0.007143,0.017532,0.011688,0.057143,0.14026,0.093506,217,0.025346,0.115743,"[0.00994590509842953, 0.040745339141201806]"
32222,15.5,2.0,0.606284,0.040721,0.054294,0.151571,0.01018,0.013574,0.084206,0.005656,0.007541,0.022455,0.001508,0.002011,94,0.164894,0.031974,"[0.15842990600843174, 0.17135732803412143]"
322221,4.7,1.0,1.0,0.0,0.0,0.0,0.0,0.0,0.0,0.0,0.0,0.0,0.0,0.0,10,0.47,0.014863,"[0.46078816927266175, 0.4792118307273383]"
322222,10.3,3.0,0.480724,0.0509,0.0509,0.208314,0.022057,0.022057,0.104157,0.011028,0.011028,0.032048,0.003393,0.003393,51,0.201961,0.043269,"[0.19008570840739458, 0.2138358602200564]"
32223,1.1,33.0,0.477273,0.05303,0.106061,0.0,0.0,0.0,0.136364,0.015152,0.030303,0.136364,0.015152,0.030303,53,0.020755,0.049862,"[0.007330812709659629, 0.03417862125260453]"
32229,8.8,13.0,0.30452,0.04737,0.250383,0.063202,0.009831,0.051966,0.120659,0.018769,0.099208,0.017237,0.002681,0.014173,68,0.129412,0.13873,"[0.09643825296597322, 0.1623852764457915]"
322291,8.2,14.0,0.351099,0.055857,0.247365,0.066245,0.010539,0.046673,0.099368,0.015808,0.070009,0.019874,0.003162,0.014002,17,0.482353,0.278431,"[0.34999772622047165, 0.6147081561324694]"
323,67.7,19.0,0.447687,0.043723,0.15113,0.096742,0.009448,0.032658,0.115267,0.011257,0.038912,0.03705,0.003618,0.012507,1227,0.055175,0.367215,"[0.034628348220750844, 0.07572210002700791]"
3231,67.7,19.0,0.447687,0.043723,0.15113,0.096742,0.009448,0.032658,0.115267,0.011257,0.038912,0.03705,0.003618,0.012507,1227,0.055175,0.367215,"[0.034628348220750844, 0.07572210002700791]"
32311,67.6,19.0,0.44835,0.043788,0.151354,0.096885,0.009462,0.032706,0.115437,0.011274,0.038969,0.036074,0.003523,0.012178,1102,0.061343,0.38691,"[0.03849929453953497, 0.08418673086881348]"
323110,56.4,22.0,0.552739,0.006397,0.162495,0.062472,0.000723,0.018366,0.12766,0.001478,0.03753,0.023087,0.000267,0.006787,607,0.092916,0.503625,"[0.05285134576577761, 0.1329806146955074]"
323117,1.2,3.0,0.457467,0.166352,0.332703,0.0,0.0,0.0,0.020794,0.007561,0.015123,0.0,0.0,0.0,37,0.032432,0.005918,"[0.030525440447474544, 0.034339424417390324]"
323119,4.4,67.0,0.0,0.091432,0.023511,0.0,0.640021,0.164577,0.0,0.054859,0.014107,0.0,0.009143,0.002351,48,0.091667,0.425507,"[-0.028707788050501656, 0.21204112138383502]"
324,1743.0,4.0,0.467685,0.055536,0.009195,0.393097,0.046679,0.007728,0.015573,0.001849,0.000306,0.002066,0.000245,4.1e-05,304,5.733553,3.998716,"[5.284050365124564, 6.1830548980333315]"
3241,1743.0,4.0,0.467685,0.055536,0.009195,0.393097,0.046679,0.007728,0.015573,0.001849,0.000306,0.002066,0.000245,4.1e-05,304,5.733553,3.998716,"[5.284050365124564, 6.1830548980333315]"
32411,1708.7,4.0,0.473906,0.052416,0.008705,0.394386,0.043621,0.007244,0.015603,0.001726,0.000287,0.001866,0.000206,3.4e-05,48,35.597917,9.865184,"[32.807091283013676, 38.388742050319664]"
324110,1708.7,4.0,0.473906,0.052416,0.008705,0.394386,0.043621,0.007244,0.015603,0.001726,0.000287,0.001866,0.000206,3.4e-05,48,35.597917,9.865184,"[32.807091283013676, 38.388742050319664]"
32412,13.5,8.0,0.304582,0.120494,0.026776,0.33454,0.132346,0.02941,0.014979,0.005926,0.001317,0.019973,0.007901,0.001756,211,0.063981,0.07435,"[0.05394899951041109, 0.07401308579764578]"
324122,12.7,8.0,0.302065,0.129456,0.025172,0.333313,0.142848,0.027776,0.005208,0.002232,0.000434,0.020832,0.008928,0.001736,26,0.488462,0.199254,"[0.4118721766041271, 0.5650509003189498]"
32419,20.8,20.0,0.148988,0.189783,0.028379,0.243086,0.309645,0.046302,0.011762,0.014983,0.00224,0.00196,0.002497,0.000373,43,0.483721,0.634394,"[0.29410580986775287, 0.6733360505973633]"
324191,9.8,27.0,0.042672,0.151721,0.03793,0.12987,0.46176,0.11544,0.009276,0.032983,0.008246,0.001855,0.006597,0.001649,35,0.28,0.447256,"[0.13182672276877194, 0.4281732772312281]"
324199,11.0,30.0,0.299008,0.191901,0.0,0.304545,0.195455,0.0,0.005537,0.003554,0.0,0.0,0.0,0.0,8,1.375,1.166726,"[0.5665148563772278, 2.1834851436227725]"
325,1271.6,5.0,0.260707,0.126014,0.069319,0.247085,0.11943,0.065697,0.024007,0.011604,0.006383,0.039877,0.019275,0.010603,1235,1.029636,1.809202,"[0.9287331901724236, 1.1305380648883048]"
3251,725.2,6.0,0.24759,0.115861,0.070774,0.261978,0.122594,0.074887,0.02288,0.010707,0.00654,0.03774,0.017661,0.010788,302,2.401325,2.503834,"[2.1189339308102424, 2.683715075812274]"
32511,98.8,2.0,0.130112,0.019085,0.01477,0.636906,0.093424,0.072302,0.002409,0.000353,0.000274,0.024095,0.003534,0.002735,5,19.76,0.883694,"[18.98542223330977, 20.534577766690226]"
325110,98.8,2.0,0.130112,0.019085,0.01477,0.636906,0.093424,0.072302,0.002409,0.000353,0.000274,0.024095,0.003534,0.002735,5,19.76,0.883694,"[18.98542223330977, 20.534577766690226]"
32512,10.2,4.0,0.438035,0.089853,0.050543,0.207881,0.042642,0.023986,0.007424,0.001523,0.000857,0.103941,0.021321,0.011993,92,0.11087,0.042537,"[0.10217755102508323, 0.11956157940969937]"
325120,10.2,4.0,0.438035,0.089853,0.050543,0.207881,0.042642,0.023986,0.007424,0.001523,0.000857,0.103941,0.021321,0.011993,92,0.11087,0.042537,"[0.10217755102508323, 0.11956157940969937]"
32513,34.0,8.0,0.099792,0.170068,0.206611,0.0616,0.10498,0.127538,0.016016,0.027295,0.03316,0.032032,0.05459,0.06632,21,1.619048,0.593553,"[1.3651856172405263, 1.8729096208547118]"
325131,30.2,8.0,0.090621,0.170113,0.219398,0.051248,0.096202,0.124074,0.015624,0.02933,0.037827,0.031249,0.05866,0.075655,9,3.355556,0.805333,"[2.829414112594581, 3.88169699851653]"
325132,3.8,7.0,0.155125,0.155125,0.110803,0.174515,0.174515,0.124654,0.009695,0.009695,0.006925,0.029086,0.029086,0.020776,12,0.316667,0.076788,"[0.27322079834269547, 0.36011253499063783]"
32518,174.9,20.0,0.3296,0.286323,0.059892,0.131338,0.114093,0.023866,0.008365,0.007267,0.00152,0.018404,0.015988,0.003344,85,2.057647,3.794114,"[1.251064233185752, 2.8642298844613068]"
325181,24.3,1.0,0.319773,0.120633,0.026807,0.361848,0.136506,0.030335,0.001403,0.000529,0.000118,0.001403,0.000529,0.000118,5,4.86,0.108673,"[4.764745750351354, 4.955254249648647]"
325182,20.3,1.0,0.586883,0.014972,0.008983,0.359703,0.009176,0.005506,0.0,0.0,0.0,0.014199,0.000362,0.000217,3,6.766667,0.117202,"[6.634042437046123, 6.89929089628721]"
325188,130.2,26.0,0.273341,0.375218,0.076268,0.077104,0.105841,0.021514,0.008696,0.011937,0.002426,0.017972,0.02467,0.005014,76,1.713158,3.883091,"[0.8401486736230276, 2.5861671158506563]"
32519,407.4,5.0,0.224133,0.089844,0.074679,0.274822,0.110163,0.091568,0.032707,0.013111,0.010898,0.045025,0.018048,0.015002,97,4.2,2.06826,"[3.788407563246589, 4.611592436753412]"
325193,42.5,13.0,0.236789,0.069093,0.0,0.535507,0.156257,0.0,0.0,0.0,0.0,0.001821,0.000531,0.0,9,4.722222,1.841667,"[3.519022109490689, 5.925422334953756]"
325199,266.9,8.0,0.278217,0.105759,0.057762,0.222527,0.084589,0.0462,0.054511,0.020721,0.011317,0.074569,0.028346,0.015482,79,3.378481,2.402288,"[2.848744924077225, 3.9082171012392304]"
3252,189.0,12.0,0.231782,0.078088,0.051168,0.315387,0.106255,0.069624,0.015294,0.005152,0.003376,0.079526,0.026793,0.017556,125,1.512,2.028561,"[1.1563841346450527, 1.8676158653549473]"
32521,182.4,12.0,0.224369,0.076136,0.050373,0.317973,0.107898,0.071387,0.015425,0.005234,0.003463,0.081684,0.027718,0.018339,110,1.658182,2.086939,"[1.2681846209671572, 2.048179015396479]"
325211,154.6,14.0,0.245429,0.097812,0.053912,0.277807,0.110716,0.061025,0.017588,0.007009,0.003863,0.077146,0.030746,0.016946,96,1.610417,2.209031,"[1.1685264533189068, 2.0523068800144264]"
325212,27.8,7.0,0.068625,0.004553,0.016912,0.581936,0.038612,0.143416,0.001372,9.1e-05,0.000338,0.109799,0.007285,0.02706,13,2.138462,0.539723,"[1.8450700066219272, 2.4318530703011496]"
32522,6.6,23.0,0.46014,0.127273,0.058741,0.23007,0.063636,0.029371,0.010956,0.00303,0.001399,0.010956,0.00303,0.001399,14,0.471429,0.405703,"[0.25891247653344274, 0.6839446663237001]"
325222,6.4,24.0,0.464423,0.121154,0.060577,0.232212,0.060577,0.030288,0.011058,0.002885,0.001442,0.011058,0.002885,0.001442,13,0.492308,0.42601,"[0.26073040921126744, 0.7238849754041172]"
3253,130.8,4.0,0.224481,0.258981,0.11822,0.111242,0.128339,0.058584,0.022819,0.026326,0.012017,0.014547,0.016783,0.007661,86,1.52093,0.564181,"[1.4016914934056564, 1.6401689717106231]"
32531,91.2,5.0,0.151657,0.275914,0.153569,0.096717,0.17596,0.097936,0.001145,0.002082,0.001159,0.011446,0.020824,0.01159,59,1.545763,0.593661,"[1.3942807496694467, 1.697244674059367]"
325311,7.4,1.0,0.173269,0.139578,0.038504,0.246575,0.19863,0.054795,0.026657,0.021474,0.005924,0.046649,0.037579,0.010367,10,0.74,0.023401,"[0.7254962665144036, 0.7545037334855964]"
325312,78.2,5.0,0.131069,0.287286,0.177553,0.079879,0.175084,0.108208,0.0,0.0,0.0,0.009,0.019728,0.012192,5,15.64,1.748605,"[14.107308164089678, 17.172691835910324]"
325314,5.7,2.0,0.344828,0.310345,0.011494,0.163339,0.147005,0.005445,0.0,0.0,0.0,0.009074,0.008167,0.000302,44,0.129545,0.017186,"[0.12446736604005532, 0.13462354305085378]"
32532,39.5,4.0,0.411793,0.214132,0.024708,0.081718,0.042493,0.004903,0.121775,0.063323,0.007307,0.017625,0.009165,0.001058,26,1.519231,0.309863,"[1.4001252655548735, 1.6383362729066648]"
325320,39.5,4.0,0.411793,0.214132,0.024708,0.081718,0.042493,0.004903,0.121775,0.063323,0.007307,0.017625,0.009165,0.001058,26,1.519231,0.309863,"[1.4001252655548735, 1.6383362729066648]"
3254,111.8,25.0,0.361583,0.12538,0.038506,0.270572,0.093822,0.028814,0.033822,0.011728,0.003602,0.022138,0.007676,0.002358,174,0.642529,2.118884,"[0.32769544041439946, 0.9573620308499684]"
32541,111.8,25.0,0.361583,0.12538,0.038506,0.270572,0.093822,0.028814,0.033822,0.011728,0.003602,0.022138,0.007676,0.002358,174,0.642529,2.118884,"[0.32769544041439946, 0.9573620308499684]"
325411,25.4,12.0,0.437432,0.174419,0.091362,0.094071,0.037509,0.019648,0.075257,0.030008,0.015718,0.015287,0.006095,0.003193,27,0.940741,0.586588,"[0.7194825842637746, 1.1619988972177067]"
325412,79.4,34.0,0.341557,0.07951,0.023517,0.378325,0.088069,0.026049,0.022254,0.005181,0.001532,0.026125,0.006082,0.001799,89,0.892135,2.86157,"[0.29762710419501903, 1.4866425587263294]"
325414,6.1,1.0,0.023283,0.698503,0.081492,0.004277,0.128297,0.014968,0.000238,0.007128,0.000832,0.001188,0.035638,0.004158,33,0.184848,0.010619,"[0.18122552111948656, 0.18847144857748313]"
3255,23.4,7.0,0.360874,0.20542,0.083279,0.125831,0.071627,0.029038,0.033238,0.01892,0.00767,0.035613,0.020272,0.008218,158,0.148101,0.130312,"[0.12778214552736322, 0.16842038611820637]"
32551,15.5,7.0,0.335568,0.150817,0.094261,0.145413,0.065354,0.040846,0.044742,0.020109,0.012568,0.052199,0.02346,0.014663,104,0.149038,0.106393,"[0.12859076035359654, 0.16948616272332653]"
325510,15.5,7.0,0.335568,0.150817,0.094261,0.145413,0.065354,0.040846,0.044742,0.020109,0.012568,0.052199,0.02346,0.014663,104,0.149038,0.106393,"[0.12859076035359654, 0.16948616272332653]"
32552,7.9,13.0,0.402467,0.332035,0.050308,0.09088,0.074976,0.01136,0.012983,0.010711,0.001623,0.006491,0.005355,0.000811,54,0.146296,0.139757,"[0.10902068496069195, 0.18357190763190068]"
325520,7.9,13.0,0.402467,0.332035,0.050308,0.09088,0.074976,0.01136,0.012983,0.010711,0.001623,0.006491,0.005355,0.000811,54,0.146296,0.139757,"[0.10902068496069195, 0.18357190763190068]"
3256,39.2,34.0,0.250091,0.239158,0.046465,0.175064,0.167411,0.032526,0.020245,0.01936,0.003761,0.021436,0.020499,0.003983,150,0.261333,1.088227,"[0.08718400009366775, 0.43548266657299894]"
32561,32.7,40.0,0.308055,0.231041,0.020537,0.22052,0.16539,0.014701,0.008417,0.006313,0.000561,0.013467,0.0101,0.000898,90,0.363333,1.378753,"[0.07848523424684545, 0.6481814324198212]"
325611,4.7,7.0,0.091146,0.531684,0.106337,0.020833,0.121528,0.024306,0.002604,0.015191,0.003038,0.010417,0.060764,0.012153,41,0.114634,0.051381,"[0.09890663046552006, 0.13036166221740678]"
325612,18.1,72.0,0.394738,0.187662,0.003236,0.279296,0.13278,0.002289,0.0,0.0,0.0,0.0,0.0,0.0,34,0.532353,2.23497,"[-0.218889724897823, 1.2835956072507642]"
325613,9.8,3.0,0.227405,0.183673,0.017493,0.259892,0.209913,0.019992,0.021658,0.017493,0.001666,0.021658,0.017493,0.001666,14,0.7,0.078575,"[0.6588407563246589, 0.7411592436753413]"
32562,6.5,15.0,0.019172,0.262012,0.134201,0.011361,0.155266,0.079527,0.008521,0.11645,0.059645,0.007101,0.097041,0.049704,60,0.108333,0.125872,"[0.07648391858455747, 0.1401827480821092]"
325620,6.5,15.0,0.019172,0.262012,0.134201,0.011361,0.155266,0.079527,0.008521,0.11645,0.059645,0.007101,0.097041,0.049704,60,0.108333,0.125872,"[0.07648391858455747, 0.1401827480821092]"
3259,52.2,12.0,0.296715,0.077994,0.06782,0.264603,0.069553,0.060481,0.042388,0.011142,0.009689,0.066793,0.017557,0.015267,237,0.220253,0.406891,"[0.16845057215544768, 0.2720557569584764]"
32591,1.1,66.0,0.004141,0.008282,0.082816,0.00207,0.004141,0.041408,0.0,0.0,0.0,0.037267,0.074534,0.745342,63,0.01746,0.091467,"[-0.005125934171048875, 0.0400465690916838]"
325910,1.1,66.0,0.004141,0.008282,0.082816,0.00207,0.004141,0.041408,0.0,0.0,0.0,0.037267,0.074534,0.745342,63,0.01746,0.091467,"[-0.005125934171048875, 0.0400465690916838]"
32592,2.0,35.0,0.292683,0.04878,0.146341,0.17561,0.029268,0.087805,0.014634,0.002439,0.007317,0.117073,0.019512,0.058537,10,0.2,0.221359,"[0.06280252108219625, 0.3371974789178038]"
325920,2.0,35.0,0.292683,0.04878,0.146341,0.17561,0.029268,0.087805,0.014634,0.002439,0.007317,0.117073,0.019512,0.058537,10,0.2,0.221359,"[0.06280252108219625, 0.3371974789178038]"
32599,48.9,13.0,0.307727,0.081511,0.058615,0.279624,0.074067,0.053262,0.044965,0.01191,0.008565,0.054801,0.014516,0.010438,164,0.298171,0.496398,"[0.2221982253065785, 0.3741432381080556]"
325991,14.8,40.0,0.109204,0.029675,0.036797,0.357012,0.097014,0.120298,0.037801,0.010272,0.012737,0.117604,0.031958,0.039627,52,0.284615,0.820956,"[0.061481023298516874, 0.5077497459322523]"
325992,10.1,5.0,0.320165,0.103715,0.031566,0.341045,0.110479,0.033624,0.034801,0.011273,0.003431,0.00696,0.002255,0.000686,20,0.505,0.112921,"[0.45551090939036365, 0.5544890906096364]"
325998,24.1,6.0,0.437389,0.100549,0.067871,0.197724,0.045454,0.030681,0.053925,0.012396,0.008368,0.032954,0.007576,0.005114,91,0.264835,0.151582,"[0.23369112174016574, 0.29597920793016397]"
326,94.3,8.0,0.234818,0.098071,0.100833,0.148125,0.061864,0.063606,0.070618,0.029493,0.030324,0.087841,0.036687,0.03772,1407,0.067022,0.20112,"[0.05651317107365304, 0.07753089431369593]"
3261,76.0,10.0,0.225519,0.101195,0.11276,0.126264,0.056657,0.063132,0.077649,0.034842,0.038824,0.083726,0.037569,0.041863,1190,0.063866,0.220313,"[0.051348129174366035, 0.07638296326260874]"
32611,20.3,14.0,0.180543,0.075712,0.137834,0.042879,0.017982,0.032736,0.146691,0.061516,0.11199,0.088015,0.036909,0.067194,155,0.130968,0.228275,"[0.09503085390927206, 0.1669046299616957]"
326111,3.5,61.0,0.000414,0.019876,0.008282,0.001656,0.079503,0.033126,0.001242,0.059627,0.024845,0.01118,0.536646,0.223602,44,0.079545,0.321863,"[-0.01555734334075036, 0.17464825243165943]"
326112,6.9,17.0,0.321118,0.013665,0.143478,0.029193,0.001242,0.013043,0.282195,0.012008,0.126087,0.038923,0.001656,0.017391,35,0.197143,0.198273,"[0.1314560641752719, 0.2628296501104424]"
326113,9.9,13.0,0.215896,0.061014,0.187736,0.056321,0.015917,0.048975,0.154882,0.043771,0.13468,0.037547,0.010611,0.03265,75,0.132,0.14861,"[0.09836701802529269, 0.16563298197470733]"
32612,4.5,14.0,0.362603,0.080579,0.147727,0.083678,0.018595,0.034091,0.027893,0.006198,0.011364,0.139463,0.030992,0.056818,104,0.043269,0.061777,"[0.03139637201672851, 0.05514208952173302]"
326121,2.2,24.0,0.217391,0.079051,0.158103,0.065217,0.023715,0.047431,0.043478,0.01581,0.031621,0.152174,0.055336,0.110672,58,0.037931,0.06933,"[0.020088603726945726, 0.05577346523857153]"
326122,2.2,14.0,0.537549,0.063241,0.094862,0.100791,0.011858,0.017787,0.033597,0.003953,0.005929,0.100791,0.011858,0.017787,45,0.048889,0.045914,"[0.035474024283592524, 0.06230375349418526]"
32613,5.0,11.0,0.5616,0.0576,0.1008,0.1404,0.0144,0.0252,0.0156,0.0016,0.0028,0.0624,0.0064,0.0112,16,0.3125,0.1375,"[0.24512623803143563, 0.37987376196856437]"
326130,5.0,11.0,0.5616,0.0576,0.1008,0.1404,0.0144,0.0252,0.0156,0.0016,0.0028,0.0624,0.0064,0.0112,16,0.3125,0.1375,"[0.24512623803143563, 0.37987376196856437]"
32614,3.3,22.0,0.642792,0.022957,0.091827,0.077135,0.002755,0.011019,0.025712,0.000918,0.003673,0.102847,0.003673,0.014692,55,0.06,0.097894,"[0.03412847540407129, 0.0858715245959287]"
326140,3.3,22.0,0.642792,0.022957,0.091827,0.077135,0.002755,0.011019,0.025712,0.000918,0.003673,0.102847,0.003673,0.014692,55,0.06,0.097894,"[0.03412847540407129, 0.0858715245959287]"
32615,2.7,63.0,0.002551,0.001276,0.014031,0.02551,0.012755,0.140306,0.002551,0.001276,0.014031,0.112245,0.056122,0.617347,66,0.040909,0.209379,"[-0.009604526328827759, 0.09142270814700958]"
326150,2.7,63.0,0.002551,0.001276,0.014031,0.02551,0.012755,0.140306,0.002551,0.001276,0.014031,0.112245,0.056122,0.617347,66,0.040909,0.209379,"[-0.009604526328827759, 0.09142270814700958]"
32619,40.2,17.0,0.205645,0.127107,0.082671,0.178554,0.110362,0.07178,0.055413,0.03425,0.022277,0.055413,0.03425,0.022277,735,0.054694,0.252076,"[0.036470212421296964, 0.07291754268074385]"
326191,7.6,13.0,0.667122,0.010424,0.114662,0.032809,0.000513,0.005639,0.010936,0.000171,0.00188,0.131237,0.002051,0.022556,43,0.176744,0.150669,"[0.13171059495987036, 0.2217777771331529]"
326199,31.7,21.0,0.130786,0.123634,0.06948,0.176497,0.166845,0.093764,0.05587,0.052814,0.029681,0.040633,0.03841,0.021586,688,0.046076,0.253796,"[0.027111220574007062, 0.0650399422166906]"
3262,18.2,11.0,0.271706,0.08604,0.054341,0.253593,0.080304,0.050719,0.028982,0.009178,0.005796,0.10506,0.033269,0.021012,216,0.084259,0.136219,"[0.06609329677292042, 0.1024252217455981]"
32621,6.3,15.0,0.199653,0.136905,0.022817,0.329861,0.22619,0.037698,0.008681,0.005952,0.000992,0.017361,0.011905,0.001984,62,0.101613,0.120015,"[0.07173925862273627, 0.13148654782887662]"
326211,6.0,15.0,0.210383,0.144262,0.012022,0.353825,0.242623,0.020219,0.004781,0.003279,0.000273,0.004781,0.003279,0.000273,16,0.375,0.225,"[0.264752025869622, 0.485247974130378]"
32622,1.8,30.0,0.027778,0.012346,0.015432,0.333333,0.148148,0.185185,0.027778,0.012346,0.015432,0.111111,0.049383,0.061728,27,0.066667,0.103923,"[0.027467386975865586, 0.10586594635746774]"
326220,1.8,30.0,0.027778,0.012346,0.015432,0.333333,0.148148,0.185185,0.027778,0.012346,0.015432,0.111111,0.049383,0.061728,27,0.066667,0.103923,"[0.027467386975865586, 0.10586594635746774]"
32629,10.1,15.0,0.381188,0.044554,0.074257,0.15696,0.018346,0.030577,0.05232,0.006115,0.010192,0.171908,0.020093,0.033489,126,0.080159,0.134967,"[0.056592496535093795, 0.10372496378236651]"
326291,4.8,25.0,0.595745,0.028369,0.056738,0.223404,0.010638,0.021277,0.018617,0.000887,0.001773,0.037234,0.001773,0.003546,56,0.085714,0.160357,"[0.0437150574741417, 0.12771351395442973]"
326299,5.3,18.0,0.236739,0.047348,0.074404,0.09968,0.019936,0.031328,0.0623,0.01246,0.01958,0.261659,0.052332,0.082236,70,0.075714,0.114025,"[0.04900277655355412, 0.1024257948750173]"
327,217.4,5.0,0.331761,0.048018,0.072131,0.283787,0.041074,0.061701,0.076352,0.011051,0.0166,0.04223,0.006112,0.009182,1480,0.146892,0.282552,"[0.13249675100543892, 0.16128703277834486]"
3271,29.4,18.0,0.418923,0.044357,0.019714,0.418923,0.044357,0.019714,0.0059,0.000625,0.000278,0.023601,0.002499,0.001111,98,0.3,0.534573,"[0.1941619448348371, 0.4058380551651629]"
32711,4.0,8.0,0.320625,0.083125,0.07125,0.286875,0.074375,0.06375,0.016875,0.004375,0.00375,0.050625,0.013125,0.01125,33,0.121212,0.055705,"[0.10220640984688432, 0.1402178325773581]"
327112,1.2,1.0,0.7744,0.0704,0.0352,0.0352,0.0032,0.0016,0.0352,0.0032,0.0016,0.0352,0.0032,0.0016,16,0.075,0.003,"[0.07353002701159496, 0.07646997298840504]"
327113,2.2,14.0,0.108213,0.054106,0.015459,0.43285,0.216425,0.061836,0.013527,0.006763,0.001932,0.054106,0.027053,0.007729,12,0.183333,0.088912,"[0.13302759106347195, 0.23363907560319475]"
32712,25.4,21.0,0.431149,0.03782,0.011346,0.445285,0.03906,0.011718,0.003534,0.00031,9.3e-05,0.01767,0.00155,0.000465,64,0.396875,0.66675,"[0.23352425166348986, 0.5602257483365101]"
327121,20.8,26.0,0.364827,0.031215,0.007804,0.521182,0.044593,0.011148,0.0,0.0,0.0,0.017373,0.001486,0.000372,28,0.742857,1.022016,"[0.3643040989859782, 1.1214101867283075]"
327125,2.9,28.0,0.713436,0.085612,0.028537,0.118906,0.014269,0.004756,0.014863,0.001784,0.000595,0.014863,0.001784,0.000595,10,0.29,0.256777,"[0.1308509244553476, 0.44914907554465233]"
3272,25.5,8.0,0.375779,0.072664,0.080969,0.200415,0.038754,0.043183,0.03897,0.007536,0.008397,0.094641,0.018301,0.020392,127,0.200787,0.181021,"[0.16930451552392353, 0.23227028762568278]"
32721,25.5,8.0,0.375779,0.072664,0.080969,0.200415,0.038754,0.043183,0.03897,0.007536,0.008397,0.094641,0.018301,0.020392,127,0.200787,0.181021,"[0.16930451552392353, 0.23227028762568278]"
327211,6.3,13.0,0.132275,0.003779,0.102041,0.194004,0.005543,0.14966,0.008818,0.000252,0.006803,0.220459,0.006299,0.170068,6,1.05,0.334355,"[0.7824649161102826, 1.3175350838897175]"
327212,9.8,9.0,0.538652,0.209029,0.040198,0.069058,0.026799,0.005154,0.048341,0.018759,0.003608,0.027623,0.010719,0.002061,22,0.445455,0.188043,"[0.3668778075288942, 0.5240312833801968]"
327213,6.7,9.0,0.28425,0.034306,0.009802,0.529739,0.063934,0.018267,0.01292,0.001559,0.000446,0.038761,0.004678,0.001337,9,0.744444,0.201,"[0.6131268574802609, 0.8757620314086281]"
327215,2.7,50.0,0.535714,0.02551,0.153061,0.0,0.0,0.0,0.133929,0.006378,0.038265,0.080357,0.003827,0.022959,88,0.030682,0.14391,"[0.0006141888735332612, 0.06074944749010311]"
3273,121.6,7.0,0.289461,0.036889,0.077433,0.291229,0.037114,0.077906,0.104347,0.013298,0.027914,0.031835,0.004057,0.008516,1031,0.117944,0.265095,"[0.10176215961551412, 0.13412532826033458]"
32731,94.5,7.0,0.323391,0.015479,0.056478,0.377001,0.018045,0.065841,0.114138,0.005463,0.019934,0.003459,0.000166,0.000604,30,3.15,1.207728,"[2.717827941408918, 3.5821720585910817]"
327310,94.5,7.0,0.323391,0.015479,0.056478,0.377001,0.018045,0.065841,0.114138,0.005463,0.019934,0.003459,0.000166,0.000604,30,3.15,1.207728,"[2.717827941408918, 3.5821720585910817]"
32732,19.1,29.0,0.151832,0.141361,0.206806,0.036377,0.033868,0.049547,0.064845,0.060373,0.088324,0.050611,0.04712,0.068935,702,0.027208,0.209056,"[0.011743247136228832, 0.04267270727972559]"
327320,19.1,29.0,0.151832,0.141361,0.206806,0.036377,0.033868,0.049547,0.064845,0.060373,0.088324,0.050611,0.04712,0.068935,702,0.027208,0.209056,"[0.011743247136228832, 0.04267270727972559]"
32733,3.9,20.0,0.08637,0.064777,0.059379,0.226721,0.17004,0.15587,0.032389,0.024291,0.022267,0.064777,0.048583,0.044534,147,0.026531,0.064333,"[0.016130803347338487, 0.036930421142457426]"
327331,3.4,22.0,0.062389,0.040107,0.04902,0.249554,0.160428,0.196078,0.037433,0.024064,0.029412,0.062389,0.040107,0.04902,94,0.03617,0.07715,"[0.0205739036123834, 0.05176652191953149]"
32739,4.0,17.0,0.195,0.065,0.065,0.21,0.07,0.07,0.015,0.005,0.005,0.18,0.06,0.06,150,0.026667,0.055522,"[0.01778149660341842, 0.03555183672991492]"
327390,4.0,17.0,0.195,0.065,0.065,0.21,0.07,0.07,0.015,0.005,0.005,0.18,0.06,0.06,150,0.026667,0.055522,"[0.01778149660341842, 0.03555183672991492]"
3274,18.2,17.0,0.460693,0.039488,0.09872,0.211327,0.018114,0.045284,0.033812,0.002898,0.007246,0.063398,0.005434,0.013585,31,0.587097,0.555699,"[0.39147972360751837, 0.7827138247795783]"
32741,9.7,29.0,0.687427,0.024551,0.081837,0.062493,0.002232,0.00744,0.0,0.0,0.0,0.116059,0.004145,0.013817,9,1.077778,0.937667,"[0.4651801457209809, 1.6903754098345747]"
327410,9.7,29.0,0.687427,0.024551,0.081837,0.062493,0.002232,0.00744,0.0,0.0,0.0,0.116059,0.004145,0.013817,9,1.077778,0.937667,"[0.4651801457209809, 1.6903754098345747]"
32742,8.5,16.0,0.237966,0.043267,0.09086,0.319767,0.05814,0.122093,0.059492,0.010817,0.022715,0.022309,0.004056,0.008518,22,0.386364,0.289953,"[0.2652022264102512, 0.5075250463170216]"
327420,8.5,16.0,0.237966,0.043267,0.09086,0.319767,0.05814,0.122093,0.059492,0.010817,0.022715,0.022309,0.004056,0.008518,22,0.386364,0.289953,"[0.2652022264102512, 0.5075250463170216]"
3279,22.7,9.0,0.302912,0.094148,0.065495,0.239445,0.074422,0.051772,0.075007,0.023313,0.016218,0.037503,0.011656,0.008109,191,0.118848,0.147826,"[0.0978837360187679, 0.13981259905976612]"
32791,4.0,1.0,0.385802,0.015432,0.216049,0.216049,0.008642,0.120988,0.015432,0.000617,0.008642,0.007716,0.000309,0.004321,28,0.142857,0.007559,"[0.14005719430779992, 0.14565709140648578]"
327910,4.0,1.0,0.385802,0.015432,0.216049,0.216049,0.008642,0.120988,0.015432,0.000617,0.008642,0.007716,0.000309,0.004321,28,0.142857,0.007559,"[0.14005719430779992, 0.14565709140648578]"
32799,18.7,11.0,0.281392,0.102948,0.043467,0.242701,0.088793,0.03749,0.087935,0.032171,0.013583,0.045726,0.016729,0.007063,162,0.115432,0.161613,"[0.09054539557901918, 0.14031880195184498]"
327991,1.2,60.0,0.007273,0.08,0.003636,0.058182,0.64,0.029091,0.007273,0.08,0.003636,0.007273,0.08,0.003636,64,0.01875,0.09,"[-0.0032995948260756067, 0.040799594826075605]"
327992,8.1,21.0,0.306384,0.133695,0.011141,0.107648,0.046974,0.003914,0.182174,0.079494,0.006625,0.082806,0.036134,0.003011,31,0.26129,0.305509,"[0.15374520200959252, 0.3688354431516978]"
327993,8.6,10.0,0.319135,0.054091,0.086545,0.34307,0.058147,0.093036,0.015957,0.002705,0.004327,0.015957,0.002705,0.004327,32,0.26875,0.152028,"[0.21607596791548606, 0.3214240320845139]"
331,511.9,11.0,0.41488,0.13335,0.135888,0.076531,0.024598,0.025067,0.086838,0.027911,0.028443,0.028196,0.009063,0.009235,494,1.036235,2.533462,"[0.8128266963452107, 1.2596429392823194]"
3311,246.5,3.0,0.656985,0.07679,0.07515,0.091596,0.010706,0.010477,0.018451,0.002157,0.002111,0.045139,0.005276,0.005163,59,4.177966,0.962747,"[3.932306209056378, 4.423625994333452]"
33111,246.5,3.0,0.656985,0.07679,0.07515,0.091596,0.010706,0.010477,0.018451,0.002157,0.002111,0.045139,0.005276,0.005163,59,4.177966,0.962747,"[3.932306209056378, 4.423625994333452]"
331111,241.1,3.0,0.663952,0.077812,0.077472,0.081986,0.009608,0.009566,0.01848,0.002166,0.002156,0.046033,0.005395,0.005371,56,4.305357,0.96655,"[4.052206794639675, 4.558507491074611]"
331112,5.4,1.0,0.312757,0.032579,0.006516,0.559671,0.058299,0.01166,0.016461,0.001715,0.000343,0.0,0.0,0.0,3,1.8,0.031177,"[1.7647206482782791, 1.835279351721721]"
3312,8.7,17.0,0.07197,0.155303,0.106061,0.096787,0.208856,0.142633,0.007445,0.016066,0.010972,0.039707,0.085684,0.058516,72,0.120833,0.174302,"[0.08057240648423972, 0.16109426018242692]"
33121,3.5,30.0,0.062857,0.062857,0.074286,0.179592,0.179592,0.212245,0.017959,0.017959,0.021224,0.053878,0.053878,0.063673,25,0.14,0.21,"[0.05768151264931774, 0.22231848735068227]"
331210,3.5,30.0,0.062857,0.062857,0.074286,0.179592,0.179592,0.212245,0.017959,0.017959,0.021224,0.053878,0.053878,0.063673,25,0.14,0.21,"[0.05768151264931774, 0.22231848735068227]"
33122,5.2,20.0,0.058069,0.248869,0.124434,0.047511,0.20362,0.10181,0.00264,0.011312,0.005656,0.026395,0.113122,0.056561,47,0.110638,0.1517,"[0.06726888204422009, 0.1540077137004608]"
331221,2.4,16.0,0.09,0.18,0.09,0.12,0.24,0.12,0.0,0.0,0.0,0.04,0.08,0.04,17,0.141176,0.093134,"[0.09690434293744819, 0.18544859823902238]"
331222,2.8,34.0,0.018519,0.333333,0.148148,0.009259,0.166667,0.074074,0.001323,0.02381,0.010582,0.007937,0.142857,0.063492,29,0.096552,0.176782,"[0.032210837473029955, 0.16089261080283213]"
3313,35.6,7.0,0.399066,0.15997,0.053323,0.173905,0.069712,0.023237,0.058578,0.023482,0.007827,0.020136,0.008072,0.002691,63,0.565079,0.313962,"[0.48755190080200295, 0.6426068293567272]"
33131,35.6,7.0,0.399066,0.15997,0.053323,0.173905,0.069712,0.023237,0.058578,0.023482,0.007827,0.020136,0.008072,0.002691,63,0.565079,0.313962,"[0.48755190080200295, 0.6426068293567272]"
331311,5.8,1.0,0.371712,0.526593,0.0,0.042081,0.059614,0.0,0.0,0.0,0.0,0.0,0.0,0.0,1,5.8,0.058,"[5.686322088896676, 5.913677911103323]"
331312,6.4,1.0,0.454102,0.022705,0.007568,0.46875,0.023438,0.007813,0.007324,0.000366,0.000122,0.007324,0.000366,0.000122,5,1.28,0.028622,"[1.2549124609978874, 1.3050875390021126]"
331314,3.9,10.0,0.327935,0.036437,0.097166,0.327935,0.036437,0.097166,0.0,0.0,0.0,0.054656,0.006073,0.016194,14,0.278571,0.104232,"[0.22397243185924137, 0.3331704252836158]"
331315,14.5,16.0,0.423372,0.097701,0.065134,0.124521,0.028736,0.019157,0.149425,0.034483,0.022989,0.024904,0.005747,0.003831,10,1.45,0.733648,"[0.9952883555867075, 1.9047116444132923]"
331316,4.8,14.0,0.157986,0.352431,0.072917,0.078993,0.176215,0.036458,0.011285,0.025174,0.005208,0.022569,0.050347,0.010417,25,0.192,0.1344,"[0.13931616809556335, 0.24468383190443665]"
3314,132.1,42.0,0.058996,0.209933,0.237132,0.004063,0.014456,0.016329,0.052549,0.186991,0.211218,0.000971,0.003457,0.003905,88,1.501136,5.914401,"[0.26542361601987174, 2.7368491112528552]"
33141,4.2,14.0,0.420168,0.098039,0.070028,0.218487,0.05098,0.036415,0.008403,0.001961,0.001401,0.067227,0.015686,0.011204,15,0.28,0.151821,"[0.2031694118060299, 0.3568305881939702]"
331411,1.0,1.0,0.218182,0.145455,0.0,0.381818,0.254545,0.0,0.0,0.0,0.0,0.0,0.0,0.0,2,0.5,0.007071,"[0.4902001800772997, 0.5097998199227003]"
331419,3.1,19.0,0.494624,0.064516,0.107527,0.141321,0.018433,0.030722,0.011777,0.001536,0.00256,0.094214,0.012289,0.020481,13,0.238462,0.163359,"[0.14966009331583913, 0.3272629836072378]"
33142,4.9,10.0,0.361516,0.139942,0.069971,0.064556,0.02499,0.012495,0.154935,0.059975,0.029988,0.051645,0.019992,0.009996,29,0.168966,0.090991,"[0.13584888439915083, 0.2020821500836078]"
331421,3.3,15.0,0.23416,0.137741,0.082645,0.031221,0.018365,0.011019,0.187328,0.110193,0.066116,0.062443,0.036731,0.022039,13,0.253846,0.137288,"[0.17921675597328254, 0.3284755517190251]"
33149,123.0,45.0,0.037774,0.215272,0.246548,0.001781,0.010151,0.011626,0.035809,0.204071,0.233719,0.000246,0.0014,0.001604,42,2.928571,8.54069,"[0.3456188918025713, 5.511523965340285]"
331491,113.2,49.0,0.003744,0.217562,0.250009,0.000112,0.006519,0.007491,0.00408,0.237118,0.272482,7e-06,0.000407,0.000468,21,5.390476,12.10411,"[0.21355798597772768, 10.567394394974654]"
331492,9.8,4.0,0.708455,0.059038,0.059038,0.113703,0.009475,0.009475,0.008746,0.000729,0.000729,0.026239,0.002187,0.002187,21,0.466667,0.085541,"[0.43008067228858565, 0.5032526610447476]"
3315,89.0,7.0,0.522553,0.061389,0.082351,0.165666,0.019462,0.026108,0.040535,0.004762,0.006388,0.055516,0.006522,0.008749,210,0.42381,0.429911,"[0.3656639256015022, 0.4819551220175454]"
33151,73.1,8.0,0.605033,0.047133,0.050981,0.184806,0.014397,0.015572,0.015302,0.001192,0.001289,0.055324,0.00431,0.004662,95,0.769474,0.599992,"[0.6488224275622081, 0.8901249408588445]"
331511,65.3,9.0,0.62813,0.048572,0.043053,0.181757,0.014055,0.012458,0.014701,0.001137,0.001008,0.048112,0.00372,0.003298,57,1.145614,0.778428,"[0.9435314326817211, 1.3476966374937174]"
331512,2.8,14.0,0.39239,0.071344,0.053508,0.287753,0.052319,0.039239,0.052319,0.009512,0.007134,0.026159,0.004756,0.003567,18,0.155556,0.092395,"[0.11287189544779437, 0.19823921566331676]"
331513,5.0,6.0,0.447059,0.011765,0.129412,0.14902,0.003922,0.043137,0.014902,0.000392,0.004314,0.14902,0.003922,0.043137,20,0.25,0.067082,"[0.22060054023189918, 0.2793994597681008]"
33152,15.9,11.0,0.216016,0.101836,0.175898,0.084766,0.039961,0.069023,0.092969,0.043828,0.075703,0.04375,0.020625,0.035625,114,0.139474,0.163809,"[0.10940371044771442, 0.1695436579733382]"
331521,2.9,8.0,0.049261,0.221675,0.086207,0.029557,0.133005,0.051724,0.019704,0.08867,0.034483,0.039409,0.17734,0.068966,30,0.096667,0.042357,"[0.08150961185289025, 0.11182372148044308]"
331522,6.2,5.0,0.211528,0.067689,0.245373,0.145426,0.046536,0.168694,0.039662,0.012692,0.046007,0.00661,0.002115,0.007668,21,0.295238,0.067648,"[0.2663052935615516, 0.3241708969146389]"
331524,2.0,1.0,0.275,0.025,0.2,0.0275,0.0025,0.02,0.22,0.02,0.16,0.0275,0.0025,0.02,38,0.052632,0.003244,"[0.051600018955505235, 0.0536631389392316]"
331525,4.1,41.0,0.384222,0.026498,0.13249,0.008732,0.000602,0.003011,0.261969,0.018067,0.090334,0.052394,0.003613,0.018067,17,0.241176,0.407702,"[0.04737062011695112, 0.4349823210595194]"
332,168.2,12.0,0.197119,0.088155,0.091064,0.172829,0.077292,0.079843,0.074114,0.033145,0.034239,0.079719,0.035652,0.036828,3098,0.054293,0.362632,"[0.04152359165140204, 0.0670625929838465]"
3321,23.0,34.0,0.16499,0.053997,0.125992,0.263148,0.086121,0.200949,0.014619,0.004785,0.011164,0.035504,0.01162,0.027112,244,0.094262,0.500624,"[0.031447055905314644, 0.15707753425861976]"
33211,23.0,34.0,0.16499,0.053997,0.125992,0.263148,0.086121,0.200949,0.014619,0.004785,0.011164,0.035504,0.01162,0.027112,244,0.094262,0.500624,"[0.031447055905314644, 0.15707753425861976]"
332111,6.0,59.0,0.204408,0.019284,0.007713,0.598623,0.056474,0.02259,0.0073,0.000689,0.000275,0.073003,0.006887,0.002755,32,0.1875,0.62579,"[-0.02932101578974347, 0.40432101578974344]"
332112,2.4,8.0,0.333333,0.125,0.041667,0.277778,0.104167,0.034722,0.027778,0.010417,0.003472,0.027778,0.010417,0.003472,8,0.3,0.067882,"[0.2529608643710387, 0.34703913562896127]"
332114,4.0,1.0,0.577215,0.360759,0.012025,0.01519,0.009494,0.000316,0.0,0.0,0.0,0.01519,0.009494,0.000316,43,0.093023,0.0061,"[0.09120003350275344, 0.09484647812515354]"
332115,1.5,1.0,0.301045,0.150523,0.062718,0.234146,0.117073,0.04878,0.016725,0.008362,0.003484,0.033449,0.016725,0.006969,5,0.3,0.006708,"[0.29412010804637984, 0.30587989195362014]"
332116,8.3,84.0,0.001701,0.002268,0.043651,0.028486,0.037982,0.731151,0.002126,0.002834,0.054563,0.003401,0.004535,0.087302,142,0.058451,0.585077,"[-0.03778076690291028, 0.1546821753536145]"
3322,3.7,26.0,0.235939,0.17385,0.049671,0.11103,0.081812,0.023375,0.041636,0.030679,0.008766,0.124909,0.092038,0.026297,92,0.040217,0.100295,"[0.019722985292092043, 0.060711797316603616]"
33221,3.7,26.0,0.235939,0.17385,0.049671,0.11103,0.081812,0.023375,0.041636,0.030679,0.008766,0.124909,0.092038,0.026297,92,0.040217,0.100295,"[0.019722985292092043, 0.060711797316603616]"
332212,2.8,34.0,0.224138,0.224138,0.051724,0.04803,0.04803,0.011084,0.04803,0.04803,0.011084,0.128079,0.128079,0.029557,69,0.04058,0.114607,"[0.01353788821330244, 0.06762153207655262]"
3323,10.4,20.0,0.184089,0.043831,0.073051,0.261288,0.062211,0.103686,0.047507,0.011311,0.018852,0.118767,0.028278,0.04713,780,0.013333,0.074476,"[0.00810676270789319, 0.01855990395877348]"
33231,3.9,12.0,0.202498,0.073636,0.08284,0.216963,0.078895,0.088757,0.057857,0.021039,0.023669,0.086785,0.031558,0.035503,333,0.011712,0.025646,"[0.008957167733439204, 0.01446625568998422]"
332312,3.0,14.0,0.202299,0.101149,0.075862,0.202299,0.101149,0.075862,0.018391,0.009195,0.006897,0.110345,0.055172,0.041379,219,0.013699,0.028381,"[0.00993979509814236, 0.01745746517583024]"
33232,6.3,32.0,0.172867,0.025298,0.06746,0.294891,0.043155,0.115079,0.040675,0.005952,0.015873,0.142361,0.020833,0.055556,446,0.014126,0.09546,"[0.005266171764948993, 0.02298494931128419]"
332321,3.9,47.0,0.238462,0.023077,0.038462,0.457051,0.044231,0.073718,0.019872,0.001923,0.003205,0.079487,0.007692,0.012821,106,0.036792,0.178037,"[0.002899868078661147, 0.07068503758171621]"
332322,1.8,38.0,0.104575,0.013072,0.104575,0.156863,0.019608,0.156863,0.0,0.0,0.0,0.20915,0.026144,0.20915,260,0.006923,0.04242,"[0.0017668639791330876, 0.012079289867020759]"
3324,13.6,21.0,0.225995,0.073746,0.023789,0.4109,0.134083,0.043253,0.020545,0.006704,0.002163,0.04109,0.013408,0.004325,159,0.085535,0.226496,"[0.050329200378324564, 0.12073998201161254]"
33241,3.0,89.0,0.0,0.0,0.0,1.0,0.0,0.0,0.0,0.0,0.0,0.0,0.0,0.0,32,0.09375,0.471994,"[-0.06978449496006076, 0.2572844949600608]"
332410,3.0,89.0,0.0,0.0,0.0,1.0,0.0,0.0,0.0,0.0,0.0,0.0,0.0,0.0,32,0.09375,0.471994,"[-0.06978449496006076, 0.2572844949600608]"
332439,3.6,6.0,0.16338,0.011268,0.022535,0.583501,0.040241,0.080483,0.01167,0.000805,0.00161,0.07002,0.004829,0.009658,35,0.102857,0.036511,"[0.09076136512398138, 0.11495292059030433]"
3325,6.0,38.0,0.517334,0.251277,0.133029,0.04703,0.022843,0.012094,0.004703,0.002284,0.001209,0.004703,0.002284,0.001209,67,0.089552,0.278546,"[0.022854956944010102, 0.1562495206679302]"
33251,6.0,38.0,0.517334,0.251277,0.133029,0.04703,0.022843,0.012094,0.004703,0.002284,0.001209,0.004703,0.002284,0.001209,67,0.089552,0.278546,"[0.022854956944010102, 0.1562495206679302]"
332510,6.0,38.0,0.517334,0.251277,0.133029,0.04703,0.022843,0.012094,0.004703,0.002284,0.001209,0.004703,0.002284,0.001209,67,0.089552,0.278546,"[0.022854956944010102, 0.1562495206679302]"
3326,1.4,35.0,0.47619,0.142857,0.047619,0.095238,0.028571,0.009524,0.095238,0.028571,0.009524,0.047619,0.014286,0.004762,128,0.010938,0.04331,"[0.003434512871682606, 0.018440487128317393]"
33261,1.4,35.0,0.47619,0.142857,0.047619,0.095238,0.028571,0.009524,0.095238,0.028571,0.009524,0.047619,0.014286,0.004762,128,0.010938,0.04331,"[0.003434512871682606, 0.018440487128317393]"
3327,41.7,37.0,0.132763,0.051326,0.101283,0.138341,0.053482,0.105539,0.117144,0.045288,0.089367,0.07698,0.02976,0.058727,834,0.05,0.534263,"[0.013740666286008993, 0.08625933371399101]"
33271,26.0,53.0,0.085947,0.02537,0.023299,0.243107,0.07176,0.065902,0.184172,0.054364,0.049926,0.125237,0.036967,0.03395,569,0.045694,0.577688,"[-0.0017720627538874156, 0.09316046345687512]"
332710,26.0,53.0,0.085947,0.02537,0.023299,0.243107,0.07176,0.065902,0.184172,0.054364,0.049926,0.125237,0.036967,0.03395,569,0.045694,0.577688,"[-0.0017720627538874156, 0.09316046345687512]"
33272,15.7,43.0,0.091499,0.08811,0.349053,0.028662,0.027601,0.109342,0.03197,0.030786,0.121958,0.020946,0.02017,0.079904,265,0.059245,0.414711,"[0.00931427600139658, 0.10917629003633927]"
332721,5.4,41.0,0.040809,0.031207,0.057613,0.093278,0.071331,0.131687,0.134088,0.102538,0.1893,0.046639,0.035665,0.065844,180,0.03,0.165022,"[0.005892442990157343, 0.05410755700984266]"
332722,10.3,62.0,0.078043,0.092233,0.560493,0.010269,0.012136,0.073749,0.007188,0.008495,0.051624,0.011296,0.01335,0.081124,84,0.122619,0.69677,"[-0.026384881015152212, 0.2716229762532475]"
3328,46.8,16.0,0.201864,0.105427,0.075188,0.131944,0.06891,0.049145,0.07443,0.038872,0.027723,0.119539,0.062432,0.044525,372,0.125806,0.388235,"[0.0863542733434518, 0.16525862988235462]"
33281,46.8,16.0,0.201864,0.105427,0.075188,0.131944,0.06891,0.049145,0.07443,0.038872,0.027723,0.119539,0.062432,0.044525,372,0.125806,0.388235,"[0.0863542733434518, 0.16525862988235462]"
332811,3.5,25.0,0.197551,0.341224,0.089796,0.062857,0.108571,0.028571,0.026939,0.046531,0.012245,0.026939,0.046531,0.012245,67,0.052239,0.106898,"[0.026642261395932128, 0.07783535054436638]"
332812,21.2,28.0,0.312389,0.03471,0.020826,0.300374,0.033375,0.020025,0.188234,0.020915,0.012549,0.04806,0.00534,0.003204,150,0.141333,0.484672,"[0.06377102525180159, 0.2188956414148651]"
332813,22.1,21.0,0.090248,0.14343,0.120868,0.040496,0.06436,0.054236,0.017355,0.027583,0.023244,0.106446,0.169174,0.142562,154,0.143506,0.373982,"[0.08444030615421826, 0.20257268085876878]"
3329,21.6,12.0,0.230233,0.157752,0.072481,0.111628,0.076486,0.035142,0.102326,0.070112,0.032214,0.055814,0.038243,0.017571,417,0.051799,0.126931,"[0.039615763434225855, 0.06398135886793242]"
33291,12.4,19.0,0.24929,0.140903,0.061419,0.106839,0.060387,0.026323,0.169161,0.095613,0.041677,0.02671,0.015097,0.006581,125,0.0992,0.210727,"[0.06225859881938906, 0.13614140118061094]"
332911,6.4,28.0,0.351442,0.098077,0.081731,0.093029,0.025962,0.021635,0.196394,0.054808,0.045673,0.020673,0.005769,0.004808,48,0.133333,0.258653,"[0.0601613445771713, 0.20650532208949535]"
332912,2.6,42.0,0.023669,0.201183,0.08284,0.005917,0.050296,0.02071,0.035503,0.301775,0.12426,0.011834,0.100592,0.04142,38,0.068421,0.177146,"[0.01209787707584898, 0.12474422818730893]"
332919,3.3,34.0,0.273924,0.114135,0.0,0.273924,0.114135,0.0,0.147498,0.061457,0.0,0.010536,0.00439,0.0,24,0.1375,0.229027,"[0.04587168372275245, 0.2291283162772475]"
33299,9.2,11.0,0.205704,0.185133,0.087424,0.112202,0.100982,0.047686,0.02805,0.025245,0.011921,0.084151,0.075736,0.035764,292,0.031507,0.059223,"[0.024714097423443368, 0.03829960120669361]"
332991,2.1,41.0,0.025,0.0225,0.0025,0.25,0.225,0.025,0.05,0.045,0.005,0.175,0.1575,0.0175,23,0.091304,0.179531,"[0.01793352214395709, 0.1646751735082168]"
332996,1.3,33.0,0.025641,0.019231,0.038462,0.153846,0.115385,0.230769,0.051282,0.038462,0.076923,0.076923,0.057692,0.115385,53,0.024528,0.058928,"[0.008663687747779564, 0.040392916025805345]"
332998,1.6,1.0,0.802139,0.026738,0.053476,0.026738,0.000891,0.001783,0.026738,0.000891,0.001783,0.053476,0.001783,0.003565,5,0.32,0.007155,"[0.31372811524947186, 0.32627188475052815]"
332999,2.1,16.0,0.204082,0.408163,0.102041,0.040816,0.081633,0.020408,0.013605,0.027211,0.006803,0.027211,0.054422,0.013605,171,0.012281,0.025695,"[0.00842954445143007, 0.01613185905734186]"
333,47.4,9.0,0.200917,0.154169,0.115378,0.117127,0.089874,0.067261,0.03694,0.028345,0.021213,0.072078,0.055307,0.041391,1750,0.027086,0.101977,"[0.022307882081115504, 0.03186354649031307]"
3331,9.7,19.0,0.298225,0.207461,0.12318,0.068445,0.047614,0.028271,0.039111,0.027208,0.016155,0.068445,0.047614,0.028271,215,0.045116,0.125692,"[0.028315285472058978, 0.061917272667475896]"
33311,2.7,30.0,0.164609,0.068587,0.137174,0.131687,0.05487,0.109739,0.032922,0.013717,0.027435,0.115226,0.048011,0.096022,85,0.031765,0.087857,"[0.013087402029677137, 0.050442009735028756]"
333111,1.7,46.0,0.069204,0.055363,0.110727,0.103806,0.083045,0.16609,0.034602,0.027682,0.055363,0.086505,0.069204,0.138408,72,0.023611,0.09216,"[0.00232372450124552, 0.044898497720976704]"
33312,5.0,30.0,0.4712,0.1976,0.0912,0.0372,0.0156,0.0072,0.0372,0.0156,0.0072,0.0744,0.0312,0.0144,65,0.076923,0.186052,"[0.031693138818306446, 0.12215301502784741]"
333120,5.0,30.0,0.4712,0.1976,0.0912,0.0372,0.0156,0.0072,0.0372,0.0156,0.0072,0.0744,0.0312,0.0144,65,0.076923,0.186052,"[0.031693138818306446, 0.12215301502784741]"
33313,2.1,35.0,0.117914,0.412698,0.088435,0.027211,0.095238,0.020408,0.027211,0.095238,0.020408,0.018141,0.063492,0.013605,64,0.032812,0.091875,"[0.01030353861504782, 0.055321461384952184]"
333132,1.4,46.0,0.171225,0.627824,0.028537,0.014269,0.052319,0.002378,0.007134,0.026159,0.001189,0.014269,0.052319,0.002378,44,0.031818,0.097087,"[0.003131436226277394, 0.060504927410086236]"
3332,7.5,25.0,0.214737,0.113684,0.151579,0.089474,0.047368,0.063158,0.041754,0.022105,0.029474,0.101404,0.053684,0.071579,261,0.028736,0.11606,"[0.014655431145545584, 0.042815833222270505]"
3333,1.2,7.0,0.304348,0.050725,0.253623,0.086957,0.014493,0.072464,0.021739,0.003623,0.018116,0.086957,0.014493,0.072464,150,0.008,0.006859,"[0.00690242016865757, 0.00909757983134243]"
33331,1.2,7.0,0.304348,0.050725,0.253623,0.086957,0.014493,0.072464,0.021739,0.003623,0.018116,0.086957,0.014493,0.072464,150,0.008,0.006859,"[0.00690242016865757, 0.00909757983134243]"
3334,3.1,11.0,0.075269,0.195699,0.180645,0.037634,0.097849,0.090323,0.026882,0.069892,0.064516,0.026882,0.069892,0.064516,162,0.019136,0.026791,"[0.015010199267110134, 0.023261405671161473]"
33341,3.1,11.0,0.075269,0.195699,0.180645,0.037634,0.097849,0.090323,0.026882,0.069892,0.064516,0.026882,0.069892,0.064516,162,0.019136,0.026791,"[0.015010199267110134, 0.023261405671161473]"
333415,2.8,12.0,0.064516,0.209677,0.177419,0.032258,0.104839,0.08871,0.023041,0.074885,0.063364,0.023041,0.074885,0.063364,83,0.033735,0.036881,"[0.025800627725235448, 0.04166925179283684]"
3335,6.8,42.0,0.136962,0.028534,0.02568,0.28446,0.059263,0.053336,0.042142,0.00878,0.007902,0.252853,0.052678,0.04741,412,0.016505,0.140705,"[0.002918307912994189, 0.030091400824869885]"
3336,8.2,12.0,0.092141,0.230352,0.09726,0.102981,0.257453,0.108702,0.01626,0.04065,0.017164,0.00813,0.020325,0.008582,85,0.096471,0.10673,"[0.07378112281426571, 0.11916005365632251]"
33361,8.2,12.0,0.092141,0.230352,0.09726,0.102981,0.257453,0.108702,0.01626,0.04065,0.017164,0.00813,0.020325,0.008582,85,0.096471,0.10673,"[0.07378112281426571, 0.11916005365632251]"
333611,1.2,34.0,0.333333,0.266667,0.133333,0.060606,0.048485,0.024242,0.060606,0.048485,0.024242,0.0,0.0,0.0,12,0.1,0.117779,"[0.03336122452563815, 0.16663877547436184]"
333618,5.9,15.0,0.027578,0.170066,0.073542,0.062051,0.382649,0.16547,0.006895,0.042517,0.018386,0.005171,0.031887,0.013789,26,0.226923,0.173563,"[0.1602089182185405, 0.2936372356276134]"
3339,10.9,13.0,0.221713,0.17737,0.133028,0.099388,0.079511,0.059633,0.042049,0.033639,0.025229,0.053517,0.042813,0.03211,462,0.023593,0.065925,"[0.01758166890456005, 0.029604478281587136]"
33391,1.5,46.0,0.0,0.0,0.0,0.033333,0.366667,0.1,0.028571,0.314286,0.085714,0.004762,0.052381,0.014286,74,0.02027,0.080211,"[0.0019949304144238206, 0.03854561012611672]"
33392,1.3,60.0,0.689459,0.062678,0.062678,0.062678,0.005698,0.005698,0.031339,0.002849,0.002849,0.062678,0.005698,0.005698,136,0.009559,0.066884,"[-0.001682146381920895, 0.020799793440744424]"
33399,8.1,12.0,0.233514,0.169828,0.169828,0.089431,0.065041,0.065041,0.024842,0.018067,0.018067,0.059621,0.04336,0.04336,250,0.0324,0.061475,"[0.024779660028108268, 0.04002033997189173]"
333995,2.3,37.0,0.135397,0.135397,0.324952,0.038685,0.038685,0.092843,0.004836,0.004836,0.011605,0.048356,0.048356,0.116054,28,0.082143,0.160824,"[0.022573951755586234, 0.14171176253012804]"
333996,1.1,27.0,0.024793,0.024793,0.041322,0.123967,0.123967,0.206612,0.049587,0.049587,0.082645,0.07438,0.07438,0.123967,13,0.084615,0.082373,"[0.03983774589166184, 0.1293930233391074]"
333999,3.1,5.0,0.414683,0.152778,0.130952,0.131944,0.048611,0.041667,0.037698,0.013889,0.011905,0.009425,0.003472,0.002976,102,0.030392,0.015347,"[0.027413780219571485, 0.03337053350591871]"
334,155.9,17.0,0.214186,0.265429,0.095112,0.045897,0.056878,0.020381,0.084145,0.104276,0.037365,0.028447,0.035252,0.012632,1125,0.138578,0.790167,"[0.09240451068243105, 0.1847510448731245]"
3341,6.1,51.0,0.108756,0.638944,0.081567,0.00853,0.050113,0.006397,0.012795,0.07517,0.009596,0.001066,0.006264,0.0008,90,0.067778,0.327928,"[2.8356045509922434e-05, 0.1355271995100456]"
3342,11.4,12.0,0.001693,0.050785,0.140505,0.000846,0.025392,0.070252,0.003155,0.094645,0.26185,0.003078,0.092336,0.255463,162,0.07037,0.10748,"[0.053819563389809914, 0.08692117735093083]"
3344,130.3,20.0,0.256207,0.289645,0.067819,0.051626,0.058364,0.013666,0.091067,0.102953,0.024106,0.018598,0.021026,0.004923,426,0.305869,1.262611,"[0.18597027831663426, 0.4257668108852437]"
33441,130.3,20.0,0.256207,0.289645,0.067819,0.051626,0.058364,0.013666,0.091067,0.102953,0.024106,0.018598,0.021026,0.004923,426,0.305869,1.262611,"[0.18597027831663426, 0.4257668108852437]"
334412,13.7,50.0,0.086235,0.120729,0.006272,0.294388,0.412143,0.02141,0.008921,0.012489,0.000649,0.014868,0.020815,0.001081,63,0.21746,0.863019,"[0.0043531223158829735, 0.4305675126047519]"
334413,107.6,24.0,0.303031,0.312661,0.075116,0.01507,0.015549,0.003736,0.101825,0.105061,0.02524,0.018736,0.019331,0.004644,78,1.379487,2.923992,"[0.7305883341440725, 2.0283860248302865]"
334418,5.8,50.0,0.008252,0.173298,0.057766,0.008252,0.173298,0.057766,0.017683,0.371353,0.123784,0.000295,0.006189,0.002063,92,0.063043,0.302346,"[0.0012620048351504529, 0.12482495168658866]"
334419,2.2,44.0,0.181818,0.099174,0.082645,0.25,0.136364,0.113636,0.0,0.0,0.0,0.068182,0.03719,0.030992,110,0.02,0.092295,"[0.0027523169360475254, 0.03724768306395247]"
3345,7.6,43.0,0.110048,0.106118,0.086466,0.07177,0.069207,0.056391,0.086124,0.083049,0.067669,0.095694,0.092276,0.075188,378,0.020106,0.168088,"[0.0031609462923891628, 0.037050693919251046]"
33451,7.6,43.0,0.110048,0.106118,0.086466,0.07177,0.069207,0.056391,0.086124,0.083049,0.067669,0.095694,0.092276,0.075188,378,0.020106,0.168088,"[0.0031609462923891628, 0.037050693919251046]"
334510,3.7,76.0,0.004505,0.024024,0.027027,0.002252,0.012012,0.013514,0.038288,0.204204,0.22973,0.036036,0.192192,0.216216,51,0.072549,0.393759,"[-0.035518014206404505, 0.1806160534220908]"
334511,2.9,57.0,0.350672,0.105202,0.052601,0.303916,0.091175,0.045587,0.011689,0.003507,0.001753,0.023378,0.007013,0.003507,57,0.050877,0.218945,"[-0.005961762569205421, 0.1077161485341177]"
335,33.0,13.0,0.078824,0.07357,0.096091,0.164378,0.153419,0.200385,0.032683,0.030504,0.039843,0.041335,0.038579,0.050389,487,0.067762,0.194398,"[0.050496415824072216, 0.08502719813896681]"
3351,5.2,13.0,0.092456,0.036982,0.06287,0.231139,0.092456,0.157175,0.018491,0.007396,0.012574,0.138683,0.055473,0.094305,83,0.062651,0.074201,"[0.046687522246396676, 0.07861368257288044]"
3352,3.2,1.0,0.085685,0.035282,0.040323,0.377016,0.155242,0.177419,0.051411,0.021169,0.024194,0.017137,0.007056,0.008065,30,0.106667,0.005842,"[0.10457603841649062, 0.10875729491684273]"
33522,3.1,1.0,0.08845,0.03642,0.03642,0.389178,0.16025,0.16025,0.05307,0.021852,0.021852,0.01769,0.007284,0.007284,19,0.163158,0.007112,"[0.15996005876206623, 0.166355730711618]"
3353,7.9,51.0,0.009968,0.019937,0.082595,0.058703,0.117405,0.486392,0.002215,0.00443,0.018354,0.017722,0.035443,0.146835,184,0.042935,0.297022,"[1.796253417457594e-05, 0.08585160268321673]"
3359,16.6,8.0,0.116462,0.137258,0.093585,0.142565,0.168023,0.114561,0.054215,0.063896,0.043566,0.022088,0.026032,0.017749,188,0.088298,0.096854,"[0.07445302036452557, 0.1021427243163255]"
33591,6.0,7.0,0.061389,0.054167,0.101111,0.108611,0.095833,0.178889,0.085,0.075,0.14,0.028333,0.025,0.046667,17,0.352941,0.101865,"[0.3045185368525399, 0.40136381608863664]"
335911,5.2,8.0,0.053922,0.073529,0.127451,0.062217,0.084842,0.147059,0.074661,0.10181,0.176471,0.020739,0.028281,0.04902,13,0.4,0.115378,"[0.3372811524947183, 0.46271884750528175]"
33593,4.9,13.0,0.004998,0.02499,0.010829,0.097459,0.487297,0.211162,0.017493,0.087464,0.037901,0.002499,0.012495,0.005414,54,0.090741,0.086685,"[0.06762042484903677, 0.11386105663244472]"
335931,4.0,1.0,0.001524,0.006707,0.003963,0.118902,0.523171,0.309146,0.001524,0.006707,0.003963,0.003049,0.013415,0.007927,39,0.102564,0.006405,"[0.10055388309277943, 0.10457432203542569]"
33599,4.8,19.0,0.519133,0.188776,0.062925,0.098214,0.035714,0.011905,0.028061,0.010204,0.003401,0.028061,0.010204,0.003401,72,0.066667,0.10748,"[0.04184045619582598, 0.09149287713750735]"
335991,3.0,15.0,0.809114,0.014448,0.028897,0.093359,0.001667,0.003334,0.01556,0.000278,0.000556,0.03112,0.000556,0.001111,12,0.25,0.129904,"[0.17650135057974797, 0.323498649420252]"
335999,1.8,42.0,0.169753,0.373457,0.067901,0.061728,0.135802,0.024691,0.030864,0.067901,0.012346,0.015432,0.033951,0.006173,59,0.030508,0.098423,"[0.0053943597913172665, 0.055622589361225105]"
336,260.1,6.0,0.366053,0.185496,0.090896,0.138009,0.069936,0.034269,0.024754,0.012544,0.006147,0.040965,0.020759,0.010172,1028,0.253016,0.486738,"[0.22326148060045523, 0.28276964780421415]"
3361,80.0,10.0,0.7068,0.166238,0.056962,0.0323,0.007597,0.002603,0.01425,0.003352,0.001148,0.00665,0.001564,0.000536,28,2.857143,1.511858,"[2.2971531472742703, 3.417132567011444]"
3362,10.6,21.0,0.336419,0.0267,0.202919,0.100926,0.00801,0.060876,0.050463,0.004005,0.030438,0.106533,0.008455,0.064258,175,0.060571,0.16827,"[0.035640686688079085, 0.08550217045477805]"
33621,10.6,21.0,0.336419,0.0267,0.202919,0.100926,0.00801,0.060876,0.050463,0.004005,0.030438,0.106533,0.008455,0.064258,175,0.060571,0.16827,"[0.035640686688079085, 0.08550217045477805]"
3363,102.3,7.0,0.263123,0.244995,0.054382,0.157599,0.146742,0.032573,0.026495,0.02467,0.005476,0.020556,0.01914,0.004249,512,0.199805,0.316474,"[0.17239198809904038, 0.2272173869009596]"
33631,19.2,17.0,0.207679,0.314763,0.097349,0.082024,0.124318,0.038449,0.029668,0.044966,0.013907,0.015707,0.023806,0.007363,57,0.336842,0.432327,"[0.22460837814844323, 0.4490758323778725]"
336311,1.4,10.0,0.153846,0.087912,0.065934,0.230769,0.131868,0.098901,0.038462,0.021978,0.016484,0.076923,0.043956,0.032967,10,0.14,0.044272,"[0.11256050421643923, 0.16743949578356074]"
336312,17.8,18.0,0.205088,0.338215,0.097147,0.07376,0.121639,0.034939,0.028784,0.047469,0.013635,0.012593,0.020768,0.005965,47,0.378723,0.467351,"[0.24511224241560992, 0.5123345660950284]"
33633,4.9,71.0,0.018141,0.834467,0.036281,0.000825,0.03793,0.001649,0.000206,0.009483,0.000412,0.001237,0.056895,0.002474,23,0.213043,0.725422,"[-0.0834223783571674, 0.5095093348789066]"
336330,4.9,71.0,0.018141,0.834467,0.036281,0.000825,0.03793,0.001649,0.000206,0.009483,0.000412,0.001237,0.056895,0.002474,23,0.213043,0.725422,"[-0.0834223783571674, 0.5095093348789066]"
33634,12.8,32.0,0.278071,0.209622,0.055614,0.18538,0.139748,0.037076,0.0403,0.03038,0.00806,0.00806,0.006076,0.001612,28,0.457143,0.774071,"[0.1704281256901407, 0.7438575885955736]"
336340,12.8,32.0,0.278071,0.209622,0.055614,0.18538,0.139748,0.037076,0.0403,0.03038,0.00806,0.00806,0.006076,0.001612,28,0.457143,0.774071,"[0.1704281256901407, 0.7438575885955736]"
33635,39.6,4.0,0.262728,0.233395,0.008928,0.249592,0.221725,0.008481,0.005255,0.004668,0.000179,0.002627,0.002334,8.9e-05,46,0.86087,0.233548,"[0.7933786314888817, 0.928360498945901]"
336350,39.6,4.0,0.262728,0.233395,0.008928,0.249592,0.221725,0.008481,0.005255,0.004668,0.000179,0.002627,0.002334,8.9e-05,46,0.86087,0.233548,"[0.7933786314888817, 0.928360498945901]"
33639,9.4,13.0,0.213898,0.087144,0.071299,0.232232,0.094613,0.077411,0.073336,0.029878,0.024445,0.055002,0.022408,0.018334,147,0.063946,0.100789,"[0.04765254429178267, 0.08023861217080236]"
336391,1.3,1.0,0.47929,0.213018,0.0,0.213018,0.094675,0.0,0.0,0.0,0.0,0.0,0.0,0.0,7,0.185714,0.004914,"[0.1820743526001399, 0.18935421882843154]"
336399,8.1,15.0,0.178326,0.071331,0.071331,0.233196,0.093278,0.093278,0.082305,0.032922,0.032922,0.061728,0.024691,0.024691,140,0.057857,0.102686,"[0.040847455419884535, 0.07486683029440118]"
3364,39.7,8.0,0.228466,0.161481,0.084927,0.211543,0.14952,0.078636,0.014506,0.010253,0.005392,0.026594,0.018797,0.009886,147,0.270068,0.261952,"[0.22772213867415503, 0.3124139157476137]"
33641,39.7,8.0,0.228466,0.161481,0.084927,0.211543,0.14952,0.078636,0.014506,0.010253,0.005392,0.026594,0.018797,0.009886,147,0.270068,0.261952,"[0.22772213867415503, 0.3124139157476137]"
336411,16.0,3.0,0.291016,0.176467,0.030959,0.291016,0.176467,0.030959,0.001819,0.001103,0.000193,0.0,0.0,0.0,19,0.842105,0.11012,"[0.7925903835484618, 0.8916201427673276]"
336412,10.6,25.0,0.211321,0.168194,0.077628,0.206918,0.16469,0.076011,0.03522,0.028032,0.012938,0.008805,0.007008,0.003235,45,0.235556,0.395039,"[0.12013545424375237, 0.3509756568673587]"
336413,6.6,18.0,0.113976,0.113976,0.135685,0.113976,0.113976,0.135685,0.004749,0.004749,0.005654,0.080733,0.080733,0.09611,68,0.097059,0.144066,"[0.0628170997995061, 0.1313005472593174]"
336414,3.7,1.0,0.233598,0.116799,0.142754,0.233598,0.116799,0.142754,0.0,0.0,0.0,0.006489,0.003244,0.003965,4,0.925,0.0185,"[0.9068703331430046, 0.9431296668569955]"
336415,2.2,1.0,0.099773,0.22449,0.199546,0.045351,0.102041,0.090703,0.027211,0.061224,0.054422,0.018141,0.040816,0.036281,4,0.55,0.011,"[0.5392201980850297, 0.5607798019149703]"
3365,4.2,16.0,0.018002,0.180023,0.54007,0.000581,0.005807,0.017422,0.003484,0.034843,0.10453,0.002323,0.023229,0.069686,21,0.2,0.146642,"[0.13728115249471828, 0.26271884750528174]"
33651,4.2,16.0,0.018002,0.180023,0.54007,0.000581,0.005807,0.017422,0.003484,0.034843,0.10453,0.002323,0.023229,0.069686,21,0.2,0.146642,"[0.13728115249471828, 0.26271884750528174]"
336510,4.2,16.0,0.018002,0.180023,0.54007,0.000581,0.005807,0.017422,0.003484,0.034843,0.10453,0.002323,0.023229,0.069686,21,0.2,0.146642,"[0.13728115249471828, 0.26271884750528174]"
3366,21.4,35.0,0.173832,0.01078,0.105108,0.148598,0.009215,0.08985,0.030841,0.001913,0.018648,0.246729,0.015301,0.149185,101,0.211881,0.745283,"[0.0665333639187623, 0.35722901231886145]"
33661,21.4,35.0,0.173832,0.01078,0.105108,0.148598,0.009215,0.08985,0.030841,0.001913,0.018648,0.246729,0.015301,0.149185,101,0.211881,0.745283,"[0.0665333639187623, 0.35722901231886145]"
336611,9.8,3.0,0.342982,0.016868,0.19117,0.006352,0.000312,0.00354,0.006352,0.000312,0.00354,0.266764,0.01312,0.148688,44,0.222727,0.044322,"[0.2096311497396642, 0.23582339571488128]"
336612,11.5,64.0,0.040428,0.002378,0.026159,0.262782,0.015458,0.170036,0.050535,0.002973,0.032699,0.232461,0.013674,0.150416,56,0.205357,0.983521,"[-0.052238123682407156, 0.46295240939669285]"
3369,1.9,13.0,0.365651,0.121884,0.091413,0.132964,0.044321,0.033241,0.033241,0.01108,0.00831,0.099723,0.033241,0.024931,40,0.0475,0.039054,"[0.03539722239546517, 0.059602777604534835]"
33699,1.9,13.0,0.365651,0.121884,0.091413,0.132964,0.044321,0.033241,0.033241,0.01108,0.00831,0.099723,0.033241,0.024931,40,0.0475,0.039054,"[0.03539722239546517, 0.059602777604534835]"
337,30.8,30.0,0.183884,0.014073,0.091004,0.322314,0.024667,0.159513,0.024793,0.001897,0.01227,0.105372,0.008064,0.052148,829,0.037153,0.320918,"[0.015307518435283354, 0.058998874809589985]"
3371,23.6,37.0,0.242553,0.002837,0.09078,0.377646,0.004417,0.141341,0.024562,0.000287,0.009193,0.076757,0.000898,0.028728,484,0.04876,0.396909,"[0.013399988609496379, 0.08412067254752842]"
33711,12.2,15.0,0.420141,0.002308,0.143125,0.152225,0.000836,0.051857,0.036534,0.000201,0.012446,0.133958,0.000736,0.045634,188,0.064894,0.133466,"[0.04581524419304096, 0.08397198984951222]"
337110,12.2,15.0,0.420141,0.002308,0.143125,0.152225,0.000836,0.051857,0.036534,0.000201,0.012446,0.133958,0.000736,0.045634,188,0.064894,0.133466,"[0.04581524419304096, 0.08397198984951222]"
33712,11.4,76.0,0.062102,0.000776,0.025617,0.608601,0.007608,0.251048,0.01242,0.000155,0.005123,0.018631,0.000233,0.007685,295,0.038644,0.504438,"[-0.018919077837474672, 0.09620721343069502]"
337122,9.7,89.0,0.050809,0.000368,0.020618,0.645996,0.004681,0.262143,0.003629,2.6e-05,0.001473,0.007258,5.3e-05,0.002945,109,0.088991,0.826891,"[-0.06624191815169068, 0.24422356952783747]"
3372,6.5,33.0,0.054087,0.028125,0.058413,0.15625,0.08125,0.16875,0.024038,0.0125,0.025962,0.15024,0.078125,0.16226,267,0.024345,0.131272,"[0.008598791210343012, 0.04009034736643602]"
33721,6.5,33.0,0.054087,0.028125,0.058413,0.15625,0.08125,0.16875,0.024038,0.0125,0.025962,0.15024,0.078125,0.16226,267,0.024345,0.131272,"[0.008598791210343012, 0.04009034736643602]"
337211,1.9,51.0,0.00554,0.019391,0.027701,0.049861,0.174515,0.249307,0.00554,0.019391,0.027701,0.044321,0.155125,0.221607,32,0.059375,0.171297,"[2.4840593146488454e-05, 0.1187251594068535]"
337212,1.3,34.0,0.16,0.0,0.16,0.08,0.0,0.08,0.02,0.0,0.02,0.24,0.0,0.24,85,0.015294,0.047942,"[0.005102304927450544, 0.025485930366667103]"
337214,3.2,57.0,0.048295,0.014205,0.028409,0.257576,0.075758,0.151515,0.048295,0.014205,0.028409,0.177083,0.052083,0.104167,22,0.145455,0.388878,"[-0.017044286718229912, 0.3079533776273209]"
339,27.7,8.0,0.335727,0.139712,0.102178,0.119603,0.049773,0.036401,0.035671,0.014844,0.010856,0.090227,0.037548,0.02746,1138,0.024341,0.06569,"[0.02052435835699406, 0.02815753970978977]"
3391,16.1,6.0,0.372865,0.052795,0.10559,0.188626,0.026708,0.053416,0.02632,0.003727,0.007453,0.114053,0.016149,0.032298,421,0.038242,0.04708,"[0.03374507076231427, 0.04273948980775699]"
33911,16.1,6.0,0.372865,0.052795,0.10559,0.188626,0.026708,0.053416,0.02632,0.003727,0.007453,0.114053,0.016149,0.032298,421,0.038242,0.04708,"[0.03374507076231427, 0.04273948980775699]"
339112,5.6,15.0,0.130326,0.055138,0.095238,0.211779,0.089599,0.154762,0.040727,0.017231,0.029762,0.081454,0.034461,0.059524,100,0.056,0.084,"[0.03953630252986354, 0.07246369747013645]"
339113,8.5,3.0,0.683737,0.035986,0.044983,0.147266,0.007751,0.009689,0.010519,0.000554,0.000692,0.052595,0.002768,0.00346,127,0.066929,0.022628,"[0.06299377310190778, 0.07086449461462767]"
339114,1.1,1.0,0.0,0.0,0.0,0.117857,0.010714,0.085714,0.0,0.0,0.0,0.432143,0.039286,0.314286,25,0.044,0.0022,"[0.04313761584680238, 0.044862384153197626]"
3399,11.7,16.0,0.265252,0.287356,0.093943,0.049514,0.05364,0.017536,0.038904,0.042146,0.013778,0.056587,0.061303,0.020041,716,0.016341,0.06996,"[0.011216407012487457, 0.0214651572333226]"
33999,8.7,22.0,0.312696,0.345611,0.057602,0.034744,0.038401,0.0064,0.039707,0.043887,0.007315,0.049634,0.054859,0.009143,304,0.028618,0.109775,"[0.016278384649968215, 0.040958457455294944]"
339991,4.6,41.0,0.518395,0.150502,0.100334,0.059245,0.0172,0.011467,0.007406,0.00215,0.001433,0.088868,0.0258,0.0172,53,0.086792,0.259062,"[0.017047319342593542, 0.1565375863177838]"
339993,2.4,1.0,0.0,0.821429,0.035714,0.0,0.039116,0.001701,0.0,0.019558,0.00085,0.0,0.078231,0.003401,9,0.266667,0.008,"[0.26144009604122653, 0.2718932372921068]"
339999,1.3,14.0,0.0576,0.1728,0.0096,0.0384,0.1152,0.0064,0.1344,0.4032,0.0224,0.0096,0.0288,0.0016,189,0.006878,0.013239,"[0.004990934152453493, 0.008765679604160264]"
