NAICS code,Activity,Media,Probable establishments by activity & media,Probable mass by activity & media,Mean PACE,SD PACE,CI at 95% for Mean PACE,Unit
311111,Treatment,W,5.0,8737340153.366255,1.8e-05,1.7e-05,"[2.817353062290743e-06, 3.302330261818555e-05]",USD/kg
311119,Treatment,W,5.0,34750146275.89369,5e-06,2e-06,"[2.972764107123466e-06, 6.500568252383743e-06]",USD/kg
311222,Treatment,W,2.0,228408545.349809,0.008668,0.00331,"[0.004080743847801244, 0.0132542585460384]",USD/kg
311225,Treatment,W,2.0,22274712397.647896,2e-06,1e-06,"[8.416823747997773e-07, 3.058512282478399e-06]",USD/kg
311411,Treatment,W,13.0,2293983608259.866,1e-06,1e-06,"[4.163391481788893e-07, 1.2815858048293963e-06]",USD/kg
311514,Treatment,W,5.0,724204932693.9695,6e-06,1e-05,"[-2.5598687880940246e-06, 1.5011377683761282e-05]",USD/kg
311611,Treatment,W,3.0,2548215019589.4165,2e-06,1e-06,"[7.376115966819467e-07, 2.5318702801657737e-06]",USD/kg
311612,Treatment,W,9.0,10881366200.917559,9.3e-05,4.2e-05,"[6.581162899874801e-05, 0.0001206221540362792]",USD/kg
311613,Treatment,W,4.0,469817764.509264,0.004722,0.002361,"[0.0024083986878590583, 0.007036135309021627]",USD/kg
311712,Treatment,W,15.0,37186457277.43104,1e-06,1e-06,"[5.883364410716616e-07, 1.9109171251269617e-06]",USD/kg
311991,Treatment,W,6.0,64655.890862,5.640238,2.34867,"[3.7609453470034215, 7.519530999493817]",USD/kg
311999,Treatment,W,7.0,1505665181671.7695,1e-06,1e-06,"[1.8352040605940997e-08, 1.8152011134836453e-06]",USD/kg
312111,Treatment,W,14.0,40652854268.938286,2.4e-05,1.4e-05,"[1.626155516235913e-05, 3.112020079422719e-05]",USD/kg
313230,Treatment,W,2.0,9091659.894608,0.090003,0.081462,"[-0.022894751134263813, 0.20290124248307806]",USD/kg
316110,Treatment,W,6.0,13179452153.898762,4e-06,1e-06,"[3.4350519481691755e-06, 5.109815118505692e-06]",USD/kg
321211,Treatment,W,5.0,4695858.125378,0.018912,0.007189,"[0.012610384185614132, 0.025212856356661588]",USD/kg
322121,Treatment,W,2.0,11285685160533.32,2e-06,0.0,"[1.8812698764048636e-06, 2.580929953001433e-06]",USD/kg
322130,Treatment,W,3.0,3954866303060.6035,2e-06,0.0,"[2.084629551712995e-06, 2.254729292735274e-06]",USD/kg
322291,Treatment,W,2.0,8854417.808766,0.035034,0.006936,"[0.02542110562682872, 0.04464760710151899]",USD/kg
323110,Treatment,W,1.0,1035654.95579,0.470819,0.10358,"[0.2678056738262283, 0.6738326642084591]",USD/kg
324110,Treatment,W,1.0,693646634713.807,0.000174,7e-06,"[0.00016081243467017873, 0.00018817233810160212]",USD/kg
324199,Treatment,W,2.0,89674835897.65027,1.6e-05,7e-06,"[6.553321336829214e-06, 2.525808391302744e-05]",USD/kg
325110,Treatment,W,2.0,394582414155.5139,3e-06,0.0,"[3.1024545190986355e-06, 3.355605833104729e-06]",USD/kg
325120,Treatment,W,4.0,1388419.666498,0.223017,0.017841,"[0.20553277274098866, 0.2405011930980305]",USD/kg
325131,Treatment,W,1.0,73159620.101436,0.094898,0.007592,"[0.0800183131343799, 0.10977779623614406]",USD/kg
325132,Treatment,W,2.0,34647099139.55805,1.1e-05,1e-06,"[9.918885279689332e-06, 1.3073363902077705e-05]",USD/kg
325188,Treatment,W,4.0,255939232.343967,0.064505,0.033543,"[0.031633885332182636, 0.09737623418470018]",USD/kg
325193,Treatment,W,2.0,3399446906.520498,0.000584,0.000107,"[0.0004349575627105649, 0.0007323930275661852]",USD/kg
325199,Treatment,W,1.0,506893831.447596,0.075255,0.00602,"[0.0634548876824628, 0.08705429366518214]",USD/kg
325211,Treatment,W,4.0,101002519705.4141,5.1e-05,1.4e-05,"[3.670244867960164e-05, 6.446126035451053e-05]",USD/kg
325212,Treatment,W,1.0,7450329067.789876,2.3e-05,2e-06,"[2.0162357345633333e-05, 2.6574542125508883e-05]",USD/kg
325222,Treatment,W,2.0,45953280325.991455,1.1e-05,4e-06,"[5.989959173294214e-06, 1.663036337782254e-05]",USD/kg
325311,Treatment,W,3.0,1343980929.407281,0.000346,6e-06,"[0.0003394075520634699, 0.00035297806070792615]",USD/kg
325312,Treatment,W,5.0,35641837514.159454,0.00017,1.9e-05,"[0.00015366739980911842, 0.00018705786188643158]",USD/kg
325320,Treatment,W,3.0,175778234.570287,0.021676,0.001502,"[0.019976531595924815, 0.02337524871926326]",USD/kg
325411,Treatment,W,2.0,413356.429551,7.178118,1.218167,"[5.489855831169917, 8.86638059242434]",USD/kg
325412,Treatment,W,1.0,1265470715.910914,0.006742,0.002292,"[0.002249139254026541, 0.011234414098747269]",USD/kg
325414,Treatment,W,10.0,174430470626.59326,3e-06,0.0,"[3.236407983662165e-06, 3.3658090598970913e-06]",USD/kg
325510,Treatment,W,5.0,39112578.017776,0.016154,0.002528,"[0.013937685262821433, 0.01837025293221228]",USD/kg
325611,Treatment,W,8.0,85599699.907867,0.004896,0.000969,"[0.00422467676121975, 0.005568240292200123]",USD/kg
325612,Treatment,W,4.0,7325659.389588,0.156651,0.225577,"[-0.06441072725811242, 0.37771223206997767]",USD/kg
325992,Treatment,W,1.0,319774.472208,4.426948,0.221347,"[3.9931150405785933, 4.860780898778899]",USD/kg
325998,Treatment,W,3.0,1936130638.355008,0.000564,5.9e-05,"[0.0004974968896381021, 0.0006300998268412061]",USD/kg
326113,Treatment,W,2.0,270255.506572,1.510238,0.277654,"[1.1254363328018446, 1.8950394102291284]",USD/kg
326121,Treatment,W,4.0,4655315.279583,0.012621,0.006058,"[0.006684394056805033, 0.018558373923622227]",USD/kg
326130,Treatment,W,3.0,2998300.670183,0.043269,0.008244,"[0.03394061787760327, 0.05259800134104458]",USD/kg
326199,Treatment,W,4.0,2363510899.426506,0.000558,0.000234,"[0.00032843044904536827, 0.0007879061501418529]",USD/kg
326291,Treatment,W,1.0,60558626.729465,0.003066,0.000766,"[0.001563469643930628, 0.0045676756185342735]",USD/kg
327125,Treatment,W,1.0,166603.433076,2.013884,0.563888,"[0.9086848013824027, 3.1190833400772555]",USD/kg
327212,Treatment,W,1.0,14621083.904418,0.189019,0.017012,"[0.1556770623210354, 0.22236191202305433]",USD/kg
327213,Treatment,W,2.0,5406951.400111,0.028724,0.003656,"[0.023657313129119714, 0.03379101135574524]",USD/kg
331111,Treatment,W,3.0,91867974766.5274,9.2e-05,5e-06,"[8.657495235390335e-05, 9.739201103130986e-05]",USD/kg
331210,Treatment,W,6.0,89346044.590961,0.000555,0.000408,"[0.0002285012706608057, 0.0008806991099533871]",USD/kg
331221,Treatment,W,7.0,713024771.957644,0.000108,4.6e-05,"[7.433993350890313e-05, 0.000142266445904362]",USD/kg
331222,Treatment,W,7.0,204498519.496321,0.000881,0.000793,"[0.00029395067788259204, 0.0014682788689177073]",USD/kg
331311,Treatment,W,3.0,279082960230.61035,5e-06,0.0,"[4.8237752868633585e-06, 5.01664396003022e-06]",USD/kg
331315,Treatment,W,2.0,1841488.267035,0.51982,0.117622,"[0.35680715855868483, 0.6828320113482332]",USD/kg
331316,Treatment,W,9.0,12632000978.427195,2e-05,8e-06,"[1.4590975838833084e-05, 2.5626428922605616e-05]",USD/kg
331419,Treatment,W,1.0,571985.516376,0.468985,0.089107,"[0.29433793815159104, 0.643631242598576]",USD/kg
331491,Treatment,W,7.0,86782367.771779,0.054787,0.071027,"[0.0021705348961691545, 0.1074036083963953]",USD/kg
331525,Treatment,W,1.0,1989257.976945,0.073891,0.030295,"[0.014513270989601486, 0.13326860162769108]",USD/kg
332112,Treatment,W,1.0,1057569816.229703,0.000383,3.1e-05,"[0.00032324231163266445, 0.00044345884374891615]",USD/kg
332116,Treatment,W,1.0,152425.885065,0.150111,0.126093,"[-0.09702739791665957, 0.3972499821726373]",USD/kg
332439,Treatment,W,1.0,39940427.414168,0.001444,8.7e-05,"[0.0012738740315481583, 0.0016134127135546403]",USD/kg
332510,Treatment,W,6.0,102812459.120362,0.003297,0.003069,"[0.0008415427291055067, 0.005753266058056558]",USD/kg
332721,Treatment,W,4.0,467185642.982747,0.000122,0.0001,"[2.3936254971394932e-05, 0.00021979547067833382]",USD/kg
332722,Treatment,W,1.0,47968655825.771385,2.7e-05,1.7e-05,"[-5.7448546748231775e-06, 5.9141237893842844e-05]",USD/kg
332811,Treatment,W,8.0,461890833.078023,0.000437,0.000309,"[0.00022276177269468098, 0.0006507983841124807]",USD/kg
332812,Treatment,W,1.0,590538867.300721,0.001684,0.000472,"[0.0007598064267376983, 0.002608054590233932]",USD/kg
332813,Treatment,W,2.0,57579078689.42929,3.7e-05,1.1e-05,"[2.202288887246442e-05, 5.28330111807275e-05]",USD/kg
332912,Treatment,W,8.0,243166.195805,0.363376,0.431669,"[0.06425038043163794, 0.662501699053113]",USD/kg
332996,Treatment,W,1.0,5001883.254045,0.008313,0.002743,"[0.0029363127525127534, 0.01369004030277371]",USD/kg
332999,Treatment,W,10.0,851384836.891203,0.000136,6.9e-05,"[9.338822793300284e-05, 0.00017871970891315917]",USD/kg
333111,Treatment,W,6.0,921958392.21435,2.3e-05,2.6e-05,"[2.2628752679671297e-06, 4.372278211432506e-05]",USD/kg
333415,Treatment,W,3.0,4102956.844104,0.060096,0.012491,"[0.04596166814286437, 0.07423029947409336]",USD/kg
333611,Treatment,W,3.0,12832144818.279886,1.1e-05,6e-06,"[3.6034792842027663e-06, 1.7999320585649053e-05]",USD/kg
333618,Treatment,W,9.0,4621606.749461,0.0326,0.01467,"[0.023015803216531912, 0.042184273556061296]",USD/kg
333999,Treatment,W,4.0,42350408.086933,0.003759,0.000376,"[0.003390791543566443, 0.004127578243856605]",USD/kg
334413,Treatment,W,3.0,3108840286.426088,0.004874,0.002026,"[0.0025814980588150316, 0.007167202569366962]",USD/kg
334511,Treatment,W,1.0,70184231766.26314,6e-06,3e-06,"[-6.776414612456392e-07, 1.2243514807088358e-05]",USD/kg
336312,Treatment,W,8.0,397328828.514732,0.00256,0.001303,"[0.0016565304072734322, 0.0034624863249164465]",USD/kg
336340,Treatment,W,6.0,743347657.829069,0.000817,0.00064,"[0.0003045330007184114, 0.0013291772273200352]",USD/kg
336350,Treatment,W,9.0,3823438.540751,0.362972,0.043557,"[0.3345155693945401, 0.39142854191257537]",USD/kg
336399,Treatment,W,1.0,961265579.031092,0.000812,0.000122,"[0.000573468254517012, 0.0010510752762643682]",USD/kg
336411,Treatment,W,10.0,920052.394809,0.413432,0.039222,"[0.3891229491832283, 0.43774169698032916]",USD/kg
336412,Treatment,W,6.0,16055008.817446,0.025218,0.015443,"[0.012861356217473967, 0.03757444440568023]",USD/kg
336413,Treatment,W,2.0,2458735009.217886,0.000207,5.3e-05,"[0.00013379527803143373, 0.00027965941252158696]",USD/kg
339112,Treatment,W,1.0,833204569.610001,0.000485,7.3e-05,"[0.0003427485589133142, 0.0006282031017609517]",USD/kg
339113,Treatment,W,1.0,17787141588.59557,2.3e-05,1e-06,"[2.187331421666304e-05, 2.460626314609235e-05]",USD/kg
339999,Treatment,W,3.0,22223350.119751,0.004597,0.001115,"[0.0033357728803937083, 0.005858686051268342]",USD/kg
313320,Treatment,L,1.0,72581880553.19466,3e-06,1e-06,"[2.13455081062438e-06, 4.267762360139948e-06]",USD/kg
322110,Treatment,L,1.0,22336449.493995,0.268809,0.002688,"[0.26354008794801276, 0.27407719302984224]",USD/kg
322121,Treatment,L,2.0,74300676922.86978,0.000339,3.8e-05,"[0.00028575001475613314, 0.0003920228465913041]",USD/kg
323110,Treatment,L,1.0,9476126.252396,0.051456,0.01132,"[0.029268739767656062, 0.07364382021443269]",USD/kg
324110,Treatment,L,1.0,2726760.016824,44.388232,1.775529,"[40.908258680943284, 47.868205586503386]",USD/kg
324191,Treatment,L,8.0,9969271311.203243,2.5e-05,1.9e-05,"[1.1554825830173742e-05, 3.753008145563586e-05]",USD/kg
325110,Treatment,L,1.0,72711843.825912,0.035046,0.000701,"[0.033671928245543145, 0.03641946018453017]",USD/kg
325181,Treatment,L,1.0,142896692.672514,0.027594,0.000276,"[0.02705273316076619, 0.028134380716875063]",USD/kg
325199,Treatment,L,3.0,203451722.275272,0.062498,0.00866,"[0.052698646443374395, 0.07229771591742995]",USD/kg
325211,Treatment,L,4.0,960166247315.4489,5e-06,1e-06,"[3.860831190809938e-06, 6.7808566874703556e-06]",USD/kg
325212,Treatment,L,1.0,10693402.78364,0.016281,0.00114,"[0.014047558110983956, 0.018515068371294702]",USD/kg
325222,Treatment,L,1.0,5579625516.27892,0.000186,4.5e-05,"[9.866550083999333e-05, 0.0002739322730511288]",USD/kg
325311,Treatment,L,3.0,2145456.651741,0.216866,0.003756,"[0.21261547134960795, 0.221116461013372]",USD/kg
325320,Treatment,L,2.0,259141854.794144,0.022054,0.001248,"[0.020325389695685942, 0.023783459965068785]",USD/kg
325412,Treatment,L,1.0,172750063.908127,0.049386,0.016791,"[0.01647594100740829, 0.08229705813563276]",USD/kg
325510,Treatment,L,2.0,29278212.295403,0.05395,0.005341,"[0.04654816324927275, 0.06135176080493216]",USD/kg
325520,Treatment,L,10.0,737211.513801,0.480842,0.197672,"[0.35832607023972574, 0.6033588973676486]",USD/kg
325920,Treatment,L,3.0,706816.407015,0.060697,0.036796,"[0.01905960171712852, 0.10233426202399892]",USD/kg
325998,Treatment,L,2.0,684022537.856289,0.002394,0.000203,"[0.0021122527048597463, 0.002675253034335881]",USD/kg
326121,Treatment,L,3.0,1456.598454,53.784232,22.357685,"[28.484594088144167, 79.08386963096683]",USD/kg
326122,Treatment,L,1.0,20884.216616,8.858579,1.240201,"[6.427829909612722, 11.289328974617959]",USD/kg
326130,Treatment,L,3.0,8702.5939,14.907555,2.840271,"[11.693545453017846, 18.12156518886659]",USD/kg
326199,Treatment,L,3.0,3716301.596781,0.473315,0.172159,"[0.2785023141267491, 0.6681283260033299]",USD/kg
326220,Treatment,L,3.0,162166781.062366,6.2e-05,3.2e-05,"[2.543295688550653e-05, 9.8024761209306e-05]",USD/kg
326291,Treatment,L,1.0,5228.82468,35.504512,8.876128,"[18.107620805058257, 52.9014032232777]",USD/kg
326299,Treatment,L,1.0,2340211.057501,0.144912,0.026084,"[0.09378805245493568, 0.1960361534203692]",USD/kg
327310,Treatment,L,1.0,20421880.828994,0.09671,0.00677,"[0.08344147287894776, 0.10997815870555147]",USD/kg
331111,Treatment,L,2.0,1171615721.421487,0.010819,0.000459,"[0.010182688819605459, 0.011454959140993367]",USD/kg
331210,Treatment,L,7.0,15913834065.45724,3e-06,2e-06,"[1.0996192531197646e-06, 4.238198302834638e-06]",USD/kg
331312,Treatment,L,1.0,61614127.695736,0.003187,3.2e-05,"[0.0031247123719937886, 0.003249647530324183]",USD/kg
331421,Treatment,L,1.0,251683.606982,2.440654,0.366098,"[1.7231152602721513, 3.1581937342831123]",USD/kg
332112,Treatment,L,2.0,723938.893396,0.28001,0.031679,"[0.2361050878943655, 0.3239145542303164]",USD/kg
332212,Treatment,L,6.0,80181129.70684,0.001763,0.001468,"[0.0005881334308985703, 0.002937716949363035]",USD/kg
332321,Treatment,L,1.0,17075.464905,6.743528,3.169458,"[0.5315041560772045, 12.955551848586587]",USD/kg
332510,Treatment,L,5.0,2386326176.262923,0.00017,0.000145,"[4.350842477185245e-05, 0.0002974484061498233]",USD/kg
332812,Treatment,L,1.0,17380018.097108,0.057217,0.016021,"[0.025816729540008507, 0.08861657076361032]",USD/kg
332919,Treatment,L,6.0,4441.862228,18.903257,15.743133,"[6.306357898354298, 31.500155429763197]",USD/kg
334412,Treatment,L,4.0,178083720.896754,0.003212,0.003212,"[6.430345838148981e-05, 0.006360257791558326]",USD/kg
334413,Treatment,L,1.0,2792836176712.272,1.6e-05,4e-06,"[8.620768985478944e-06, 2.3934473788062922e-05]",USD/kg
336411,Treatment,L,4.0,14926618.556735,0.063708,0.003822,"[0.05996225801417802, 0.06745420858110095]",USD/kg
336413,Treatment,L,8.0,2988325619.764768,4.3e-05,2.2e-05,"[2.7521024816383807e-05, 5.752455352223789e-05]",USD/kg
336414,Treatment,L,2.0,39143557.568041,0.007564,0.000107,"[0.007415282965121711, 0.007711767710282762]",USD/kg
336612,Treatment,L,1.0,1772.496002,19.864016,12.71297,"[-5.052947798897215, 44.78097973574439]",USD/kg
339113,Treatment,L,1.0,398580.428449,1.037104,0.031113,"[0.9761235354631081, 1.0980847410129473]",USD/kg
339991,Treatment,L,1.0,687857.445943,1.364308,0.559366,"[0.2679701851155396, 2.4606452862244828]",USD/kg
339999,Treatment,L,3.0,2996.615623,34.093742,8.267293,"[24.738591120567104, 43.44889293212047]",USD/kg
311119,Treatment,A,22.0,12447327191.074696,1.9e-05,1.7e-05,"[1.1831633524085648e-05, 2.5872332445150844e-05]",USD/kg
311225,Treatment,A,15.0,40216952814.72285,1e-06,1e-06,"[3.729418867750889e-07, 1.3551992717248228e-06]",USD/kg
311511,Treatment,A,1.0,198552299.574543,0.002431,0.00124,"[1.0169727148942598e-06, 0.004860602441183221]",USD/kg
311513,Treatment,A,1.0,301219651.518832,0.003936,0.001259,"[0.0014673518492307521, 0.006404464074049173]",USD/kg
311514,Treatment,A,1.0,42726946087.09469,2.9e-05,2.1e-05,"[-1.1858666829504541e-05, 6.954064498599844e-05]",USD/kg
311613,Treatment,A,1.0,810733688.404638,0.004952,0.001238,"[0.002525479794700389, 0.007378187691801295]",USD/kg
311615,Treatment,A,2.0,51092883.065522,0.031228,0.004416,"[0.025107699907930853, 0.03734898526027487]",USD/kg
311999,Treatment,A,13.0,15755480606.800016,4.6e-05,8.3e-05,"[9.231346385552125e-07, 9.130728619128633e-05]",USD/kg
313210,Treatment,A,1.0,21528560618.447624,3e-06,2e-06,"[-3.756071388217648e-07, 6.786408194916162e-06]",USD/kg
313230,Treatment,A,17.0,4565090448.314991,0.000159,0.000419,"[-4.043835859967167e-05, 0.0003583787897816552]",USD/kg
313320,Treatment,A,18.0,7004820167.12964,2.4e-05,1.7e-05,"[1.5973812060635645e-05, 3.1937601822834646e-05]",USD/kg
321212,Treatment,A,12.0,17153817085.697536,1.7e-05,1e-05,"[1.1875375442093908e-05, 2.2726243866283618e-05]",USD/kg
321219,Treatment,A,12.0,1468005300830.6611,4e-06,3e-06,"[1.6916710494021039e-06, 5.494548616597134e-06]",USD/kg
321911,Treatment,A,2.0,1786111718.018988,0.000587,0.00029,"[0.00018426241235607299, 0.0009893364125376568]",USD/kg
321918,Treatment,A,5.0,94766785.342275,0.00225,0.001358,"[0.0010590899915478348, 0.0034399249487468276]",USD/kg
321999,Treatment,A,4.0,1626330.826313,0.102271,0.159542,"[-0.0540779257742738, 0.2586195247590784]",USD/kg
322110,Treatment,A,1.0,26310542494454.086,1e-06,0.0,"[5.394122835860703e-07, 5.609795675572939e-07]",USD/kg
322121,Treatment,A,6.0,18701497773313.816,1e-06,0.0,"[8.562897971904126e-07, 1.1747511687380275e-06]",USD/kg
322122,Treatment,A,1.0,464644314.245365,0.000132,1e-06,"[0.00012961165876514082, 0.00013479391273975408]",USD/kg
322222,Treatment,A,8.0,239369957622.06088,3e-06,0.0,"[3.288816579576961e-06, 3.6997359154038592e-06]",USD/kg
322291,Treatment,A,5.0,4893147251.286354,0.000159,5e-05,"[0.00011565936100472901, 0.00020313489836185715]",USD/kg
323110,Treatment,A,2.0,136907547145.20215,0.000154,4.8e-05,"[8.751675751873012e-05, 0.00022020313848912954]",USD/kg
323117,Treatment,A,2.0,423410331.446793,0.000876,3.7e-05,"[0.0008245477769663451, 0.0009275704347127794]",USD/kg
324110,Treatment,A,9.0,3370700603472.496,3.6e-05,4e-06,"[3.324468284477829e-05, 3.890078346975131e-05]",USD/kg
324191,Treatment,A,3.0,727755.48495,0.252149,0.117918,"[0.11871417945685694, 0.38558372842975375]",USD/kg
324199,Treatment,A,8.0,54187343.73944,0.010253,0.0087,"[0.004224550905674837, 0.016282439969900708]",USD/kg
325110,Treatment,A,8.0,154976314632.93726,1.4e-05,1e-06,"[1.3462820368962479e-05, 1.4561347565944894e-05]",USD/kg
325120,Treatment,A,16.0,10000994974.091599,3.8e-05,6e-06,"[3.4775489952461155e-05, 4.06920352048925e-05]",USD/kg
325131,Treatment,A,3.0,11645860436.814526,0.000106,1.5e-05,"[8.926045071100936e-05, 0.00012245716244534905]",USD/kg
325132,Treatment,A,4.0,62942874.751444,0.003164,0.000443,"[0.002729940465830194, 0.0035981366992807367]",USD/kg
325181,Treatment,A,3.0,1266445883.263482,0.002751,4.8e-05,"[0.0026971267501192907, 0.002804965782147793]",USD/kg
325182,Treatment,A,5.0,78800265395.9645,4.1e-05,1e-06,"[4.006242937787235e-05, 4.1664242716688896e-05]",USD/kg
325188,Treatment,A,6.0,3785130190.63135,0.002118,0.001349,"[0.001038816678661729, 0.0031977120456154074]",USD/kg
325193,Treatment,A,7.0,2143566740831.7268,1e-06,0.0,"[6.754213112849895e-07, 1.137292235987419e-06]",USD/kg
325199,Treatment,A,6.0,751562851223.8217,2.2e-05,4e-06,"[1.876430076565028e-05, 2.5742901909291065e-05]",USD/kg
325211,Treatment,A,6.0,900056320616.5293,9e-06,3e-06,"[6.889682677471276e-06, 1.2100490425295988e-05]",USD/kg
325222,Treatment,A,1.0,668446.462615,5.961084,1.43066,"[3.1570418045442397, 8.765126921503395]",USD/kg
325311,Treatment,A,8.0,11677304343.952332,1.9e-05,1e-06,"[1.818476859857261e-05, 1.891184894184741e-05]",USD/kg
325312,Treatment,A,1.0,3494127943.981122,0.003964,0.000198,"[0.0035756921929083283, 0.004352656042858014]",USD/kg
325320,Treatment,A,2.0,170558822.523084,0.06444,0.003645,"[0.05938802888822197, 0.06949204067497748]",USD/kg
325411,Treatment,A,7.0,1615488154.93347,0.001316,0.000418,"[0.001006538408947483, 0.0016256078281603635]",USD/kg
325412,Treatment,A,6.0,5334515608.137938,0.001145,0.000954,"[0.0003820002921708269, 0.0019080852643545885]",USD/kg
325510,Treatment,A,11.0,2158978820.135103,0.000296,6.9e-05,"[0.0002553677489578413, 0.0003365817243411903]",USD/kg
325520,Treatment,A,10.0,1112859236.368091,0.000386,0.000159,"[0.00028772416137819775, 0.0004844775392397183]",USD/kg
325611,Treatment,A,3.0,1171870468.897329,0.000164,2e-05,"[0.00014107110106838244, 0.00018593559541516457]",USD/kg
325613,Treatment,A,4.0,1671167223.774778,0.000451,2.7e-05,"[0.00042404601799697064, 0.00047702820896420597]",USD/kg
325620,Treatment,A,1.0,287626.719574,0.585499,0.087825,"[0.41336563890194855, 0.7576328762487302]",USD/kg
325910,Treatment,A,1.0,2698020731.173537,3e-06,2e-06,"[-9.590095766586279e-07, 7.492301303469073e-06]",USD/kg
325991,Treatment,A,13.0,278391175.861154,0.000604,0.00087,"[0.00013036688015202996, 0.0010766533594240026]",USD/kg
325992,Treatment,A,12.0,8857920287.933916,4.1e-05,7e-06,"[3.708285064370823e-05, 4.5140600821530485e-05]",USD/kg
326111,Treatment,A,1.0,282510.684304,0.006933,0.004229,"[-0.0013558761306265077, 0.01522119757474601]",USD/kg
326112,Treatment,A,2.0,1102306642.650109,0.001358,0.000327,"[0.0009056592581168691, 0.0018107502869762313]",USD/kg
326113,Treatment,A,4.0,409956215.753651,0.001761,0.000458,"[0.0013126305002626425, 0.0022102418915814896]",USD/kg
326121,Treatment,A,11.0,471881147.246874,0.000125,9.9e-05,"[6.594449040601486e-05, 0.000183086529722411]",USD/kg
326122,Treatment,A,15.0,8143438807.987901,1.3e-05,7e-06,"[9.341194063324132e-06, 1.6406129950468482e-05]",USD/kg
326191,Treatment,A,14.0,645256019476.794,1e-06,0.0,"[5.634219356047295e-07, 9.487047302804034e-07]",USD/kg
326199,Treatment,A,1.0,88087092.761782,0.063372,0.013308,"[0.03728836468981593, 0.08945495752064044]",USD/kg
326211,Treatment,A,8.0,3958785086.893088,5.4e-05,2.3e-05,"[3.80277750710492e-05, 6.969880873734848e-05]",USD/kg
326220,Treatment,A,6.0,238047182.940512,4.7e-05,3.5e-05,"[1.949163307703418e-05, 7.51254636477017e-05]",USD/kg
326291,Treatment,A,23.0,222291432.977974,0.000763,0.000914,"[0.00038889665253473546, 0.0011361613350206654]",USD/kg
326299,Treatment,A,14.0,8148135.933284,0.014864,0.010011,"[0.009620247555199312, 0.020108279000453172]",USD/kg
327121,Treatment,A,15.0,367498533358.86957,2e-06,2e-06,"[9.123182164541076e-07, 2.8083212467747036e-06]",USD/kg
327212,Treatment,A,7.0,6847324651.135148,0.000149,3.5e-05,"[0.00012237330581255386, 0.0001747923673234975]",USD/kg
327215,Treatment,A,8.0,8251029777.522922,2.9e-05,4.2e-05,"[5.901591131808111e-07, 5.8372662876058897e-05]",USD/kg
327310,Treatment,A,13.0,503015040034.4026,6e-06,2e-06,"[5.444163330931526e-06, 7.175557168037391e-06]",USD/kg
327390,Treatment,A,6.0,1884641.838948,0.093218,0.038817,"[0.06215814104019625, 0.12427728278345528]",USD/kg
327910,Treatment,A,14.0,15131796397.651209,1e-05,0.0,"[9.58419652512113e-06, 9.967400790917793e-06]",USD/kg
327993,Treatment,A,11.0,144354998730.3712,2e-06,1e-06,"[1.8545777279959072e-06, 2.7587790391374608e-06]",USD/kg
331111,Treatment,A,16.0,81977706176.9883,0.000165,2e-05,"[0.00015522118356766894, 0.00017461520695406771]",USD/kg
331112,Treatment,A,6.0,12300061034.496847,3.1e-05,1e-06,"[3.0320051760471063e-05, 3.153233628983502e-05]",USD/kg
331210,Treatment,A,6.0,17347148931.046925,3e-06,2e-06,"[1.1768899199921442e-06, 4.536018123893872e-06]",USD/kg
331222,Treatment,A,1.0,835909815.05543,8.4e-05,2.9e-05,"[2.796602519160554e-05, 0.00013968984229679318]",USD/kg
331312,Treatment,A,6.0,542275455386.5521,1e-06,0.0,"[1.1834479149422487e-06, 1.2307656309516565e-06]",USD/kg
331314,Treatment,A,12.0,270720432826.72134,1e-06,0.0,"[4.277522470735534e-07, 6.363033025559292e-07]",USD/kg
331315,Treatment,A,2.0,12122382425.274103,0.000342,7.7e-05,"[0.00023487491290570523, 0.0004494868035789863]",USD/kg
331411,Treatment,A,3.0,1859711.453913,0.0436,0.000755,"[0.042745761787668216, 0.04445486262035961]",USD/kg
331419,Treatment,A,6.0,11996568907.062473,2.9e-05,1.3e-05,"[1.7932033981654056e-05, 3.92121293857392e-05]",USD/kg
331421,Treatment,A,4.0,14528888259.318804,1.8e-05,5e-06,"[1.2686032054880863e-05, 2.3251460811920114e-05]",USD/kg
331491,Treatment,A,1.0,43439151.629307,0.013185,0.00646,"[0.0005223430173615009, 0.025846866127009323]",USD/kg
331492,Treatment,A,11.0,11992154078.296232,7.1e-05,9e-06,"[6.555040870218178e-05, 7.670286003879855e-05]",USD/kg
331511,Treatment,A,8.0,2664386273412.5967,3e-06,1e-06,"[2.1417921170952104e-06, 3.059236750826357e-06]",USD/kg
331513,Treatment,A,7.0,27653414206.088455,1.5e-05,2e-06,"[1.35924607214436e-05, 1.7215398377983275e-05]",USD/kg
332112,Treatment,A,5.0,2805999761.821156,7.7e-05,1.4e-05,"[6.497530836360964e-05, 8.914017157475339e-05]",USD/kg
332114,Treatment,A,12.0,2170944038.144364,0.00012,4e-06,"[0.0001174235605013347, 0.00012211849858729753]",USD/kg
332115,Treatment,A,6.0,111268179.614629,0.000786,1.9e-05,"[0.0007703879347730432, 0.000801190302206716]",USD/kg
332116,Treatment,A,1.0,1378960.609624,0.012445,0.010453,"[-0.008043823133762477, 0.03293305463299805]",USD/kg
332212,Treatment,A,9.0,1654907316.020376,5.7e-05,5.8e-05,"[1.8996916000995126e-05, 9.488928734502392e-05]",USD/kg
332312,Treatment,A,3.0,7395691387.846972,3.9e-05,9e-06,"[2.808909137028588e-05, 4.933344496297747e-05]",USD/kg
332321,Treatment,A,19.0,6355893873.126588,1e-05,2e-05,"[7.765857243041591e-07, 1.8929478727600433e-05]",USD/kg
332322,Treatment,A,6.0,37521447.222718,0.00113,0.001052,"[0.00028837532695573387, 0.0019714982058235807]",USD/kg
332439,Treatment,A,11.0,24064113671.5739,3e-06,1e-06,"[2.7870492241927707e-06, 3.52990997559653e-06]",USD/kg
332811,Treatment,A,5.0,34423629.10013,0.005429,0.003035,"[0.002768741571221157, 0.008088876824685122]",USD/kg
332812,Treatment,A,4.0,43463059704.65708,5.1e-05,2.9e-05,"[2.3228099143056268e-05, 7.973103209005938e-05]",USD/kg
332813,Treatment,A,1.0,95207422.88308,0.028485,0.005982,"[0.016760856401284753, 0.04020937120355876]",USD/kg
332998,Treatment,A,4.0,308939062.364905,0.001395,2.8e-05,"[0.0013676955668129182, 0.0014223800439248139]",USD/kg
333111,Treatment,A,3.0,784049.143324,0.067593,0.053854,"[0.006652251525309044, 0.12853335229213317]",USD/kg
333132,Treatment,A,3.0,386342.339794,0.277905,0.221419,"[0.027350438776059027, 0.5284592095131718]",USD/kg
333415,Treatment,A,3.0,7997922966.261544,9e-06,2e-06,"[7.254912082269116e-06, 1.1717031132358132e-05]",USD/kg
333996,Treatment,A,1.0,16064.63386,2.294255,0.619449,"[1.0801574781642556, 3.5083521583301245]",USD/kg
333999,Treatment,A,9.0,20734117422.608807,9e-06,1e-06,"[8.354994724620177e-06, 1.0170455485035979e-05]",USD/kg
334412,Treatment,A,2.0,119514794829.92952,7e-06,5e-06,"[1.3687963607232194e-07, 1.3538770600326791e-05]",USD/kg
334413,Treatment,A,3.0,187949057913.97687,7.8e-05,3.2e-05,"[4.138501321623137e-05, 0.0001149002502805725]",USD/kg
334418,Treatment,A,1.0,34728034.169616,0.001857,0.000929,"[3.7178441917959815e-05, 0.003677321264493129]",USD/kg
334419,Treatment,A,2.0,154191808.304137,0.001753,0.001091,"[0.00024122430032327662, 0.0032645391117885254]",USD/kg
335911,Treatment,A,3.0,21741039110.886627,6e-06,1e-06,"[4.9594717722481216e-06, 6.803941002085981e-06]",USD/kg
335991,Treatment,A,13.0,3826851945.148812,6.6e-05,3.6e-05,"[4.643481969479805e-05, 8.510757231034859e-05]",USD/kg
335999,Treatment,A,2.0,693827.03313,0.297573,0.176749,"[0.05261533045991201, 0.5425297965826237]",USD/kg
336311,Treatment,A,4.0,7078013.168749,0.011456,0.002291,"[0.009210470010933319, 0.013701044298760769]",USD/kg
336312,Treatment,A,6.0,727160635.737832,0.001131,0.000499,"[0.0007318209989203564, 0.0015296551092105434]",USD/kg
336330,Treatment,A,1.0,8496699.939982,0.014122,0.010026,"[-0.0055296445884540635, 0.03377277886177546]",USD/kg
336340,Treatment,A,8.0,6793699.215672,0.088922,0.080483,"[0.03315114738303919, 0.14469285777605995]",USD/kg
336350,Treatment,A,16.0,37634155855.664566,2.3e-05,4e-06,"[2.1519239934265793e-05, 2.5180426506850673e-05]",USD/kg
336391,Treatment,A,5.0,121837045.467313,0.001382,3.1e-05,"[0.0013551260067478197, 0.0014093079160102866]",USD/kg
336399,Treatment,A,5.0,8685764252.966694,4.5e-05,1.5e-05,"[3.17332636299655e-05, 5.8161979453819225e-05]",USD/kg
336411,Treatment,A,9.0,424030540.423546,0.001644,0.000148,"[0.0015470799437567702, 0.0017403789762742421]",USD/kg
336413,Treatment,A,7.0,1377946574.462972,0.000105,5e-05,"[6.821063421689839e-05, 0.00014257413395666344]",USD/kg
336415,Treatment,A,1.0,8291469.856774,0.036589,0.000366,"[0.03587174103071492, 0.03730599836762292]",USD/kg
336611,Treatment,A,13.0,230260306.307792,0.001517,0.000164,"[0.001428240751293823, 0.0016066914878192571]",USD/kg
337110,Treatment,A,9.0,489401220.767495,0.001573,0.000708,"[0.0011102960006052355, 0.002034994380908232]",USD/kg
337211,Treatment,A,1.0,55582479.49511,0.000256,0.000131,"[1.070731876108154e-07, 0.0005117543366347534]",USD/kg
337214,Treatment,A,7.0,110161279.64285,0.000233,0.000351,"[-2.72739090543826e-05, 0.0004927805166181673]",USD/kg
339112,Treatment,A,3.0,913057816.754572,0.000349,9.1e-05,"[0.00024642706801154867, 0.0004516612672961362]",USD/kg
339113,Treatment,A,8.0,1235685870.464215,0.000794,6.7e-05,"[0.0007477842042403369, 0.0008412156806128534]",USD/kg
339991,Treatment,A,10.0,25891384029.904648,1.2e-05,1.6e-05,"[2.4521601875969004e-06, 2.2517043842306723e-05]",USD/kg
311615,Treatment,S,2.0,43787598.325181,0.046687,0.006602,"[0.03753618162217134, 0.05583698623427639]",USD/kg
321219,Treatment,S,7.0,6949688351.369039,0.000336,0.00024,"[0.00015837827233743207, 0.0005144127266812579]",USD/kg
322110,Treatment,S,1.0,10125930572.792816,4.5e-05,0.0,"[4.3799152912716837e-05, 4.555037140979594e-05]",USD/kg
322121,Treatment,S,1.0,60186961.665785,0.285502,0.02284,"[0.24073632428592218, 0.3302681863552517]",USD/kg
324110,Treatment,S,1.0,15581.771098,1289.992805,51.599712,"[1188.8592272645121, 1391.1263822779022]",USD/kg
325188,Treatment,S,2.0,93608951.512264,0.071697,0.026363,"[0.03516111871354929, 0.10823385411223477]",USD/kg
325199,Treatment,S,1.0,2037996.661968,10.222829,0.817826,"[8.619919030342675, 11.825739356637989]",USD/kg
325211,Treatment,S,2.0,4342493497007.0317,1e-06,0.0,"[9.410493223155011e-07, 1.6527841480486635e-06]",USD/kg
325320,Treatment,S,1.0,121305686.496446,0.010873,0.000435,"[0.010020126084795309, 0.011724905212186538]",USD/kg
325510,Treatment,S,4.0,10602246.1002,0.046557,0.006518,"[0.040169760748489436, 0.052944850687984574]",USD/kg
325520,Treatment,S,2.0,421749315.736282,0.000637,0.000117,"[0.00047450653529365725, 0.0007989866317485263]",USD/kg
325992,Treatment,S,1.0,1097609.125625,0.392528,0.019626,"[0.3540610132905089, 0.430995098542274]",USD/kg
325998,Treatment,S,2.0,12726324.41073,0.086846,0.007369,"[0.07663321915822241, 0.09705905529782427]",USD/kg
326121,Treatment,S,7.0,346517.277593,0.193786,0.123051,"[0.1026309139531317, 0.2849417405795037]",USD/kg
326130,Treatment,S,3.0,890961.674458,0.25482,0.04855,"[0.1998821222404355, 0.30975865470589575]",USD/kg
327993,Treatment,S,1.0,1381.53752,718.980059,71.898006,"[578.0625565960476, 859.8975607081742]",USD/kg
331511,Treatment,S,1.0,3176955.029999,1.19588,0.107629,"[0.9849309020505073, 1.4068297238221283]",USD/kg
331513,Treatment,S,1.0,259345.874348,3.32819,0.199691,"[2.9368017503263473, 3.7195775750350717]",USD/kg
331524,Treatment,S,4.0,153842514.436173,0.000878,1.8e-05,"[0.0008612138533803127, 0.0008956477072264332]",USD/kg
332111,Treatment,S,1.0,2685537.86149,0.022674,0.013377,"[-0.00354566082647486, 0.04889275314628379]",USD/kg
333611,Treatment,S,6.0,2835572.603486,0.01222,0.010177,"[0.004076810444539277, 0.020363602055345074]",USD/kg
336415,Treatment,S,1.0,107803.341012,5.628314,0.056283,"[5.518000772049612, 5.738626614703851]",USD/kg
336612,Treatment,S,4.0,110039.885369,0.879903,1.126276,"[-0.22382708588641942, 1.9836334346414546]",USD/kg
322110,Energy recovery,L,1.0,211925395.026634,0.003312,3.3e-05,"[0.003246606173444619, 0.003376415003195221]",USD/kg
322121,Energy recovery,L,1.0,9023674.396654,0.307503,0.0246,"[0.2592873436660813, 0.3557184857394422]",USD/kg
322222,Energy recovery,L,1.0,245504.635147,0.625278,0.018758,"[0.588511932143525, 0.6620432241542606]",USD/kg
324110,Energy recovery,L,1.0,155168773.719968,0.025682,0.001027,"[0.023668942870036947, 0.027695870219133143]",USD/kg
325110,Energy recovery,L,1.0,4240652.426198,0.011128,0.000223,"[0.010691698587164056, 0.01156411026302773]",USD/kg
325120,Energy recovery,L,1.0,5092339.524283,0.004122,0.000165,"[0.0037992027033469117, 0.004445581941949722]",USD/kg
325132,Energy recovery,L,1.0,376413.274326,0.132271,0.009259,"[0.1141234332977394, 0.15041782732490372]",USD/kg
325181,Energy recovery,L,1.0,17389878.089316,0.000994,1e-05,"[0.0009749939966011517, 0.0010139771140324771]",USD/kg
325188,Energy recovery,L,1.0,534575.993828,3.929984,1.021796,"[1.9273007940578917, 5.932666553469833]",USD/kg
325199,Energy recovery,L,1.0,36781671.01616,0.203197,0.016256,"[0.17133607156579164, 0.2350573964320378]",USD/kg
325211,Energy recovery,L,1.0,39195488.537081,0.037362,0.005231,"[0.02711037113858015, 0.047614498627245004]",USD/kg
325320,Energy recovery,L,1.0,2014762.2441,1.677722,0.067109,"[1.5461908709116268, 1.8092528225663853]",USD/kg
325412,Energy recovery,L,1.0,907591.451787,0.612476,0.208242,"[0.2043295501313065, 1.0206227892187005]",USD/kg
325520,Energy recovery,L,1.0,5530934.149674,0.020674,0.002688,"[0.015406725129509649, 0.025942250531668994]",USD/kg
325998,Energy recovery,L,1.0,21878199867.171463,1.8e-05,1e-06,"[1.6283746992402785e-05, 2.0624020720416554e-05]",USD/kg
326140,Energy recovery,L,1.0,1361218.273506,0.003008,0.000662,"[0.0017112278571952161, 0.0043056639152081145]",USD/kg
327310,Energy recovery,L,1.0,29372598.931932,0.023732,0.001661,"[0.02047564790025804, 0.026987467702547195]",USD/kg
327420,Energy recovery,L,1.0,48615.771807,2.521174,0.403388,"[1.7305486066316544, 3.3118001067453995]",USD/kg
327992,Energy recovery,L,1.0,12610775.889274,0.06867,0.014421,"[0.040405942252800926, 0.09693404036012715]",USD/kg
331315,Energy recovery,L,1.0,11523039511.384205,5.9e-05,9e-06,"[4.025017646127043e-05, 7.702790790743126e-05]",USD/kg
311119,Energy recovery,A,1.0,1171256.293127,0.04689,0.008909,"[0.02942820039122753, 0.06435089307274638]",USD/kg
311411,Energy recovery,A,1.0,3065842.746835,0.013811,0.003591,"[0.006773285662992422, 0.020849701008697277]",USD/kg
311513,Energy recovery,A,1.0,34440724.482123,0.035499,0.01136,"[0.013234552116163215, 0.057764069066688864]",USD/kg
311999,Energy recovery,A,1.0,354746.210411,0.186194,0.093097,"[0.0037272305122964533, 0.3686605278074918]",USD/kg
312111,Energy recovery,A,1.0,450611969.408462,0.001178,0.000188,"[0.0008085177586444365, 0.0015472834389760254]",USD/kg
313311,Energy recovery,A,2.0,2010894288.949941,0.000155,1.5e-05,"[0.00013349740334769623, 0.00017595325328750475]",USD/kg
313320,Energy recovery,A,1.0,52192487.677833,0.001033,0.000176,"[0.0006890996691972385, 0.0013777669830799739]",USD/kg
321212,Energy recovery,A,3.0,1366854559.76593,0.000255,7.1e-05,"[0.0001753343033008814, 0.00033554224490591535]",USD/kg
321219,Energy recovery,A,8.0,4161080635.619277,0.000565,0.000432,"[0.00026618599853734867, 0.0008645722881749616]",USD/kg
322110,Energy recovery,A,1.0,196914700.237361,0.008593,8.6e-05,"[0.00842411487631682, 0.008760935677904558]",USD/kg
322121,Energy recovery,A,1.0,95417330991.37616,6.6e-05,5e-06,"[5.548516123270639e-05, 7.612055897385101e-05]",USD/kg
322130,Energy recovery,A,1.0,747531380.918558,0.009655,0.000193,"[0.0092765531395955, 0.010033493040657522]",USD/kg
322222,Energy recovery,A,2.0,11084726.001844,0.065396,0.002775,"[0.061551186181406176, 0.06924166448356633]",USD/kg
323110,Energy recovery,A,1.0,565005691.303988,0.017221,0.003789,"[0.009795559026235898, 0.024646855093677665]",USD/kg
324110,Energy recovery,A,1.0,128642926.194162,0.280079,0.011203,"[0.2581215419138584, 0.3020371786294991]",USD/kg
324191,Energy recovery,A,1.0,91127592.508309,0.001313,0.000355,"[0.0006183033628501036, 0.0020082497056304865]",USD/kg
324199,Energy recovery,A,1.0,5427956.345235,0.015165,0.004549,"[0.006247960729142873, 0.02408115034663432]",USD/kg
325110,Energy recovery,A,1.0,9619776.33887,0.033443,0.000669,"[0.03213162077247654, 0.03475346807744885]",USD/kg
325120,Energy recovery,A,1.0,89279613.628745,0.001146,4.6e-05,"[0.00105640910439424, 0.0012361417919788942]",USD/kg
325181,Energy recovery,A,1.0,1509981.424179,0.03036,0.000304,"[0.029764788167812212, 0.03095487163141226]",USD/kg
325188,Energy recovery,A,1.0,9996119.886897,0.153105,0.039807,"[0.07508429231690018, 0.23112638727322876]",USD/kg
325199,Energy recovery,A,2.0,20366105.361424,0.4827,0.054611,"[0.40701379970688456, 0.5583856522254514]",USD/kg
325211,Energy recovery,A,2.0,35412287845.25254,5.2e-05,1e-05,"[3.7646142363504854e-05, 6.611868884883333e-05]",USD/kg
325212,Energy recovery,A,1.0,271701829.337294,0.000193,1.4e-05,"[0.00016665126539558374, 0.00021965095631456226]",USD/kg
325222,Energy recovery,A,1.0,18814802.110537,0.005042,0.00121,"[0.002670533417275577, 0.007414397971177896]",USD/kg
325311,Energy recovery,A,3.0,18733862.616954,0.004743,8.2e-05,"[0.004650272716101941, 0.004836204248000028]",USD/kg
325320,Energy recovery,A,1.0,695938319.338689,0.00934,0.000374,"[0.008608209239900669, 0.010072771193733484]",USD/kg
325411,Energy recovery,A,3.0,173717096.266695,0.004913,0.001021,"[0.003757555362264461, 0.0060686322124859585]",USD/kg
325412,Energy recovery,A,1.0,9372928.137326,0.254769,0.086621,"[0.08499390418591418, 0.42454317303135775]",USD/kg
325510,Energy recovery,A,3.0,586043110.736396,0.000533,6.5e-05,"[0.0004599334882969451, 0.0006062050012384346]",USD/kg
325520,Energy recovery,A,2.0,11061693.219082,0.006265,0.001152,"[0.004668778479177769, 0.007861412465372456]",USD/kg
325611,Energy recovery,A,1.0,12626298.815485,0.001301,9.1e-05,"[0.0011222634356121376, 0.0014791741081829467]",USD/kg
325613,Energy recovery,A,1.0,1802398.401781,0.159137,0.004774,"[0.1497796451341163, 0.16849377856469405]",USD/kg
325992,Energy recovery,A,1.0,71240050.688452,0.006668,0.000333,"[0.006014147547811234, 0.007320964516615315]",USD/kg
325998,Energy recovery,A,1.0,114794828.473549,0.015299,0.000918,"[0.013499971912517218, 0.017098257580315867]",USD/kg
326112,Energy recovery,A,1.0,509254.929666,5.167096,0.878406,"[3.445450917848445, 6.888740088881763]",USD/kg
326113,Energy recovery,A,2.0,679127426.612645,0.001526,0.00028,"[0.0011368804566714542, 0.0019143093281412881]",USD/kg
326130,Energy recovery,A,1.0,211611698.563313,0.000498,5.5e-05,"[0.0003907316780738001, 0.0006055194811546431]",USD/kg
326140,Energy recovery,A,1.0,1509991.716126,0.075937,0.016706,"[0.04319356783560054, 0.1086804341203656]",USD/kg
326211,Energy recovery,A,1.0,477144602.564235,8.1e-05,1.2e-05,"[5.736541464291503e-05, 0.00010514159863060613]",USD/kg
326220,Energy recovery,A,4.0,4941381252.815222,3e-06,2e-06,"[1.408491302585067e-06, 5.4286658143145636e-06]",USD/kg
326291,Energy recovery,A,1.0,153139.210697,0.795556,0.198889,"[0.4057405221588357, 1.1853706899335943]",USD/kg
326299,Energy recovery,A,1.0,3893578.719209,0.114603,0.020629,"[0.0741720005535556, 0.15503460514865752]",USD/kg
327310,Energy recovery,A,3.0,6411995459.607098,0.000757,9.2e-05,"[0.0006531957299771605, 0.0008609299569943379]",USD/kg
331111,Energy recovery,A,1.0,1483288.210638,4.059145,0.121774,"[3.8204712841894786, 4.297817917745679]",USD/kg
331210,Energy recovery,A,1.0,47012723.697683,0.001807,0.000542,"[0.000744443501800013, 0.0028692651360310924]",USD/kg
331312,Energy recovery,A,1.0,75744143727.79755,1e-06,0.0,"[8.199353244767915e-07, 8.527187417609969e-07]",USD/kg
332439,Energy recovery,A,1.0,1415594254.284174,4.2e-05,3e-06,"[3.722548526372213e-05, 4.7147574803560666e-05]",USD/kg
332812,Energy recovery,A,2.0,35993018.513236,0.074915,0.029665,"[0.0338025098957398, 0.11602796185013903]",USD/kg
332813,Energy recovery,A,1.0,1844209.502545,0.282797,0.059387,"[0.16640003596679645, 0.39919444772294455]",USD/kg
332999,Energy recovery,A,1.0,58263573.786835,0.000663,0.000106,"[0.0004548829628222094, 0.0008705224684578361]",USD/kg
334412,Energy recovery,A,1.0,4173659.127399,0.040511,0.020256,"[0.0008109550606210936, 0.0802115993873774]",USD/kg
334413,Energy recovery,A,1.0,12710.829978,1164.776514,279.546363,"[616.8757097386149, 1712.677318009736]",USD/kg
335991,Energy recovery,A,1.0,550965.629623,0.114207,0.017131,"[0.08063079188506073, 0.14778330132220233]",USD/kg
336312,Energy recovery,A,2.0,4159277.148093,0.083236,0.021188,"[0.05387084077340171, 0.11260104171384883]",USD/kg
336413,Energy recovery,A,1.0,926444454.004104,4.6e-05,8e-06,"[2.9590471105429562e-05, 6.185011823539278e-05]",USD/kg
339112,Energy recovery,A,1.0,9553.139616,31.275468,4.69132,"[22.080649308571303, 40.47028652292162]",USD/kg
339999,Energy recovery,A,5.0,710176200.599698,6.7e-05,2.1e-05,"[4.871320103832689e-05, 8.555599007153993e-05]",USD/kg
313320,Energy recovery,S,1.0,228498185.892855,3.6e-05,6e-06,"[2.4215527039568744e-05, 4.8415860759104045e-05]",USD/kg
322121,Energy recovery,S,1.0,21702356444.710735,4.4e-05,3e-06,"[3.678687190360814e-05, 5.046821870910367e-05]",USD/kg
322130,Energy recovery,S,1.0,4658457345.622235,0.000118,2e-06,"[0.00011321640313984507, 0.00012245453412467003]",USD/kg
324110,Energy recovery,S,1.0,183409.684462,3.608337,0.144333,"[3.32544881740782, 3.8912257033620956]",USD/kg
325199,Energy recovery,S,1.0,18739543.586472,0.217828,0.017426,"[0.18367321180282103, 0.2519828228004106]",USD/kg
325211,Energy recovery,S,1.0,2017359.367982,0.400113,0.056016,"[0.29032376994100373, 0.5099015677303081]",USD/kg
325412,Energy recovery,S,1.0,870443.355886,0.188886,0.064221,"[0.06301471943919318, 0.3147575016659779]",USD/kg
325991,Energy recovery,S,3.0,569868804.616063,0.000149,0.000103,"[3.218940725760618e-05, 0.0002658407827306544]",USD/kg
326112,Energy recovery,S,1.0,545350855.41037,0.002156,0.000367,"[0.0014375625399803192, 0.00287422312363723]",USD/kg
326113,Energy recovery,S,1.0,3293449757.603865,0.000547,7.1e-05,"[0.0004077060757514935, 0.000686506254347999]",USD/kg
327310,Energy recovery,S,1.0,54598934.974113,0.046582,0.003261,"[0.040190915703249244, 0.05297273350083183]",USD/kg
327992,Energy recovery,S,1.0,50027027.407654,0.001443,0.000303,"[0.0008487916578120907, 0.0020362550711212047]",USD/kg
331315,Energy recovery,S,1.0,6484093063.120217,6.9e-05,1.1e-05,"[4.7686378463772166e-05, 9.125877925729765e-05]",USD/kg
311119,Recycling,W,1.0,28792807.213491,0.000304,5.8e-05,"[0.00019084255713273745, 0.0004173170232808112]",USD/kg
311411,Recycling,W,1.0,538258634.385418,0.000363,9.4e-05,"[0.00017812305629929964, 0.0005483029435606287]",USD/kg
311412,Recycling,W,1.0,31082007.452852,0.001764,0.000512,"[0.0007615102274979848, 0.0027671820793319563]",USD/kg
311511,Recycling,W,1.0,45912904733.0825,3e-06,1e-06,"[1.1567918971164681e-09, 5.5288656585545316e-06]",USD/kg
311513,Recycling,W,5.0,687730917.341,0.000935,0.000669,"[0.00034856803527489103, 0.001521374345526098]",USD/kg
311514,Recycling,W,1.0,40986420.6248,0.34273,0.246766,"[-0.14092167742835432, 0.8263816229742258]",USD/kg
311615,Recycling,W,2.0,160044955.362269,0.008594,0.001215,"[0.006909829957466352, 0.010278724780795133]",USD/kg
311999,Recycling,W,1.0,758696732.996819,8.9e-05,4.5e-05,"[1.7828161417955614e-06, 0.00017633842008154087]",USD/kg
316110,Recycling,W,5.0,674705219.933198,0.0001,2.2e-05,"[8.051890181291574e-05, 0.00011977597661322151]",USD/kg
321113,Recycling,W,1.0,3064729742.988963,9.7e-05,1.2e-05,"[7.435466977587475e-05, 0.00012008635952038205]",USD/kg
321211,Recycling,W,1.0,533562.660174,0.180913,0.030755,"[0.12063408338239594, 0.24119247845816216]",USD/kg
321219,Recycling,W,1.0,38142344.893943,0.013197,0.003563,"[0.006213429551260882, 0.020181223032261796]",USD/kg
322110,Recycling,W,1.0,1472915397.213088,0.000476,5e-06,"[0.0004671268269073716, 0.0004858039264711978]",USD/kg
322121,Recycling,W,1.0,519827556448.8937,5e-06,0.0,"[4.50096293547722e-06, 6.17490887576537e-06]",USD/kg
322130,Recycling,W,1.0,20384565270.207466,7e-05,1e-06,"[6.707864767841216e-05, 7.255207128446564e-05]",USD/kg
322222,Recycling,W,1.0,7449559017.279736,2.1e-05,1e-06,"[1.93947597227804e-05, 2.1818027056476563e-05]",USD/kg
324110,Recycling,W,1.0,510635148.919411,0.007804,0.000312,"[0.007192377665665236, 0.008416056411519204]",USD/kg
324122,Recycling,W,1.0,2159519797.423272,1.8e-05,1e-06,"[1.4957450919926855e-05, 2.0520252614452722e-05]",USD/kg
324191,Recycling,W,4.0,181878134981.48566,1e-06,0.0,"[2.753711832721003e-07, 8.944057738844652e-07]",USD/kg
324199,Recycling,W,1.0,2838731085.566545,1.9e-05,6e-06,"[7.667327900453576e-06, 2.955173438695672e-05]",USD/kg
325110,Recycling,W,1.0,7702339487.758331,6e-06,0.0,"[5.886494308112286e-06, 6.366815215256787e-06]",USD/kg
325120,Recycling,W,1.0,10585921664.9367,2e-06,0.0,"[1.827599967143005e-06, 2.1385395951317218e-06]",USD/kg
325131,Recycling,W,1.0,190221205.015576,0.006293,0.000503,"[0.005306081438721099, 0.007279457716311741]",USD/kg
325132,Recycling,W,1.0,5462400.161082,0.009115,0.000638,"[0.007864230729739697, 0.010365272633036172]",USD/kg
325181,Recycling,W,1.0,5536757012.900226,3e-06,0.0,"[3.0622667202488005e-06, 3.18470511841089e-06]",USD/kg
325188,Recycling,W,1.0,95200052.35862,0.022068,0.005738,"[0.010822354734713047, 0.03331364889298613]",USD/kg
325199,Recycling,W,1.0,4847594016.090337,0.001542,0.000123,"[0.001300031932669316, 0.001783524733461737]",USD/kg
325211,Recycling,W,1.0,73508260786.30072,2e-05,3e-06,"[1.4455575874491019e-05, 2.5388623199351622e-05]",USD/kg
325222,Recycling,W,1.0,11222756414.448301,2e-06,1e-06,"[1.1679427341179174e-06, 3.2426451518177172e-06]",USD/kg
325311,Recycling,W,1.0,14011305119.235325,1.5e-05,0.0,"[1.502601836011627e-05, 1.56268026114036e-05]",USD/kg
325320,Recycling,W,1.0,1631885473.348444,0.002071,8.3e-05,"[0.0019089617744391786, 0.002233743933916178]",USD/kg
325411,Recycling,W,1.0,125402939.681375,0.008141,0.000977,"[0.006226513719114523, 0.010056118429225868]",USD/kg
325412,Recycling,W,1.0,165095002262.96878,3e-06,1e-06,"[1.123279024226473e-06, 5.610760509383757e-06]",USD/kg
325510,Recycling,W,1.0,4917363.481289,0.085659,0.005996,"[0.07390665130525971, 0.09741100134267196]",USD/kg
325520,Recycling,W,1.0,2764916521.530064,4.1e-05,5e-06,"[3.0819585868109e-05, 5.189483236391169e-05]",USD/kg
325613,Recycling,W,1.0,1502783265.595501,0.000154,5e-06,"[0.0001450952474185768, 0.00016322409141405139]",USD/kg
325620,Recycling,W,4.0,86539.503477,2.955026,0.886508,"[2.086264146532219, 3.8237873620809966]",USD/kg
325920,Recycling,W,1.0,210458.250761,0.030577,0.010702,"[0.009601647231332798, 0.05155288647769536]",USD/kg
325992,Recycling,W,1.0,12940209859.121807,1.2e-05,1e-06,"[1.072572026724975e-05, 1.3056317103536041e-05]",USD/kg
325998,Recycling,W,1.0,242395808.159786,0.001666,0.0001,"[0.0014697410569550642, 0.0018614861816773672]",USD/kg
326112,Recycling,W,1.0,741400577.955492,0.000151,2.6e-05,"[0.00010070720127162646, 0.0002013512167725657]",USD/kg
326113,Recycling,W,1.0,266803691076.49948,2e-06,0.0,"[1.6356476481092686e-06, 2.754146693219827e-06]",USD/kg
326121,Recycling,W,1.0,154116864.940336,0.000305,7.3e-05,"[0.00016152917099344105, 0.00044846529534224133]",USD/kg
326122,Recycling,W,1.0,4297978967.332748,3e-06,0.0,"[1.9520830782189734e-06, 3.428483386413479e-06]",USD/kg
326199,Recycling,W,1.0,2261242003.46798,0.000997,0.000209,"[0.0005865829327353631, 0.0014072151398075593]",USD/kg
326211,Recycling,W,1.0,9408750419.679676,3e-06,0.0,"[1.994855311720993e-06, 3.6562496378121396e-06]",USD/kg
326291,Recycling,W,1.0,325466.586787,0.017825,0.004456,"[0.009090946122938022, 0.02655919359633896]",USD/kg
326299,Recycling,W,1.0,202895113.667145,0.00044,7.9e-05,"[0.00028467370918574294, 0.0005950260983987946]",USD/kg
327113,Recycling,W,1.0,3725819523.151108,5e-06,1e-06,"[3.5600006588650954e-06, 6.252501879006037e-06]",USD/kg
327125,Recycling,W,1.0,484976111.634114,1.4e-05,4e-06,"[6.503327512010903e-06, 2.232283457027137e-05]",USD/kg
327212,Recycling,W,1.0,151691520967.2244,2e-06,0.0,"[1.346623932243491e-06, 1.9234553111759614e-06]",USD/kg
327215,Recycling,W,1.0,577888682.083177,4e-05,2e-05,"[8.024976777415844e-07, 7.93750792886219e-05]",USD/kg
327310,Recycling,W,1.0,3732734248.270958,0.000187,1.3e-05,"[0.0001611212997347268, 0.00021236230931322896]",USD/kg
327320,Recycling,W,1.0,189017039.219467,0.008227,0.002386,"[0.003550892254555872, 0.012903261253272739]",USD/kg
327331,Recycling,W,3.0,325139557.87155,0.000124,4.7e-05,"[7.040376035894087e-05, 0.0001771446912799233]",USD/kg
327390,Recycling,W,1.0,2179030873.786751,1.2e-05,2e-06,"[8.270849256520673e-06, 1.6536509211999192e-05]",USD/kg
327420,Recycling,W,2.0,22237662445.695328,3e-06,1e-06,"[1.8916546729136668e-06, 3.620113369641034e-06]",USD/kg
327910,Recycling,W,1.0,1538886.980553,0.002153,2.2e-05,"[0.0021109963988287625, 0.0021954002216210285]",USD/kg
327992,Recycling,W,1.0,69568329.841744,0.012448,0.002614,"[0.0073244576016727484, 0.017571407302780322]",USD/kg
327993,Recycling,W,1.0,51405272.916782,0.000604,6e-05,"[0.0004854895382925967, 0.0007221904705010537]",USD/kg
331111,Recycling,W,1.0,129399015940.28825,5e-06,0.0,"[5.132422899444513e-06, 5.773690588898263e-06]",USD/kg
331112,Recycling,W,1.0,9507233204.550674,1e-06,0.0,"[1.2903557882242823e-06, 1.3419479943259525e-06]",USD/kg
331210,Recycling,W,3.0,1171832.950201,0.024163,0.012555,"[0.009955433964272526, 0.03837064803263017]",USD/kg
331222,Recycling,W,1.0,682105194.775038,0.000132,4.5e-05,"[4.4063935366857375e-05, 0.00022009864255646892]",USD/kg
331316,Recycling,W,1.0,10765520725.465073,1.5e-05,2e-06,"[1.1006162517442676e-05, 1.9330348057546217e-05]",USD/kg
331491,Recycling,W,2.0,327505274020.26715,5.5e-05,3.8e-05,"[2.19396523515737e-06, 0.00010856300139105591]",USD/kg
331492,Recycling,W,1.0,230698823.82409,4.2e-05,2e-06,"[3.856147552674172e-05, 4.51221513149586e-05]",USD/kg
331511,Recycling,W,1.0,1654509850.421451,6.1e-05,5e-06,"[4.9937910942991076e-05, 7.132900116538281e-05]",USD/kg
331512,Recycling,W,1.0,590880424.828354,5.9e-05,8e-06,"[4.308713866171367e-05, 7.567482179321903e-05]",USD/kg
331513,Recycling,W,1.0,4417266590.18871,1e-06,0.0,"[5.225001549788636e-07, 6.617674683678476e-07]",USD/kg
331521,Recycling,W,4.0,5733084135.040919,1.6e-05,3e-06,"[1.3217989781298502e-05, 1.8133871260519996e-05]",USD/kg
331522,Recycling,W,1.0,21369213333.614304,5e-06,0.0,"[4.532453348610459e-06, 5.517312283179274e-06]",USD/kg
331525,Recycling,W,1.0,100922415.45169,0.000993,0.000407,"[0.00019504613761351308, 0.00179101775411339]",USD/kg
332116,Recycling,W,1.0,224152810.360626,0.000128,0.000107,"[-8.24743563286051e-05, 0.00033766685786399645]",USD/kg
332212,Recycling,W,1.0,9220676.535614,0.01971,0.006701,"[0.0065755141955922275, 0.03284458676946038]",USD/kg
332510,Recycling,W,1.0,550666973.402259,3.4e-05,1.3e-05,"[8.570209808031033e-06, 5.8590842144613884e-05]",USD/kg
332811,Recycling,W,2.0,31881392.18522,0.003452,0.00122,"[0.0017603592061153732, 0.005142888355299793]",USD/kg
332812,Recycling,W,1.0,104886925.152779,0.005713,0.0016,"[0.0025777058118095658, 0.008848039761426603]",USD/kg
332813,Recycling,W,1.0,844212381.844916,0.000982,0.000206,"[0.0005777153851084303, 0.0013859418524730738]",USD/kg
332911,Recycling,W,1.0,63559707863.48974,7e-06,2e-06,"[3.3651335919123635e-06, 1.1550905338903193e-05]",USD/kg
332912,Recycling,W,10.0,42116195556.94889,3e-06,3e-06,"[4.451547548005952e-07, 4.590101714817936e-06]",USD/kg
332919,Recycling,W,1.0,82476946269.61082,3e-06,1e-06,"[1.0972789898218091e-06, 5.480890759184544e-06]",USD/kg
332991,Recycling,W,4.0,54313999522.34952,1e-06,1e-06,"[1.4661132538438694e-07, 1.3462634529982102e-06]",USD/kg
332998,Recycling,W,1.0,539512451.415081,4e-06,0.0,"[3.480793609971861e-06, 3.619965939775701e-06]",USD/kg
333111,Recycling,W,2.0,629763165.158781,5e-05,3.3e-05,"[4.969193879362366e-06, 9.60136797404577e-05]",USD/kg
333132,Recycling,W,1.0,705875053.185881,7e-05,3.2e-05,"[6.86104414524257e-06, 0.00013256759773096053]",USD/kg
333618,Recycling,W,2.0,1254929135.323745,0.000135,2.9e-05,"[9.535697041183243e-05, 0.00017477402319987832]",USD/kg
334412,Recycling,W,1.0,534254418.095633,0.000443,0.000222,"[8.86938849065707e-06, 0.00087727159120104]",USD/kg
334413,Recycling,W,1.0,50170125175.82177,0.000304,7.3e-05,"[0.00016125506224043618, 0.0004477042670888542]",USD/kg
334418,Recycling,W,10.0,1492801204.742816,0.000194,0.000307,"[3.89208146897967e-06, 0.00038496594291393554]",USD/kg
334511,Recycling,W,1.0,5298011578.139757,3e-06,1e-06,"[-2.992301587683105e-07, 5.406441443049738e-06]",USD/kg
335999,Recycling,W,2.0,10028929907.022556,8e-06,5e-06,"[1.4560252776160956e-06, 1.501343982408467e-05]",USD/kg
336311,Recycling,W,1.0,105122372.373094,0.000441,4.4e-05,"[0.0003543724548614928, 0.0005271471158968485]",USD/kg
336312,Recycling,W,1.0,2062768155198.0212,1e-06,0.0,"[3.582648403081661e-07, 7.488465679945957e-07]",USD/kg
336330,Recycling,W,1.0,617478069.191177,0.000102,7.2e-05,"[-3.9774169661117284e-05, 0.00024292415450722442]",USD/kg
336399,Recycling,W,1.0,1805332721.749278,0.0002,3e-05,"[0.0001409299887604709, 0.00025830205195072754]",USD/kg
336411,Recycling,W,1.0,2151973324.916057,1.1e-05,0.0,"[1.0397825832867618e-05, 1.1696976327248585e-05]",USD/kg
336412,Recycling,W,1.0,205941484.707035,0.001966,0.000491,"[0.0010026595067506626, 0.0029292691421643055]",USD/kg
336413,Recycling,W,1.0,10638694055.598854,4e-06,1e-06,"[2.5768132539319236e-06, 5.386065124085594e-06]",USD/kg
336510,Recycling,W,1.0,2752495085.803602,7.2e-05,1.1e-05,"[4.931802504275732e-05, 9.438130773973741e-05]",USD/kg
339112,Recycling,W,1.0,518199007.489418,0.000244,3.7e-05,"[0.00017221886607895494, 0.000315649542613878]",USD/kg
339113,Recycling,W,1.0,2126614.779466,0.00299,9e-05,"[0.0028146122237976373, 0.0031662823633838238]",USD/kg
339991,Recycling,W,1.0,1494278.732821,0.008972,0.003678,"[0.0017622002706890409, 0.016181463574333463]",USD/kg
339993,Recycling,W,1.0,196390624.250265,0.000322,3e-06,"[0.00031574323884360874, 0.00032836757889174816]",USD/kg
311119,Recycling,L,1.0,33825691.395,0.000259,4.9e-05,"[0.00016244732122355914, 0.00035522492232068447]",USD/kg
311613,Recycling,L,1.0,18086994.991147,0.002478,0.00062,"[0.0012638228371255993, 0.003692257653799099]",USD/kg
311999,Recycling,L,1.0,385326159.234967,0.000175,8.8e-05,"[3.5103165199056074e-06, 0.0003472055556345031]",USD/kg
313320,Recycling,L,1.0,536865915.502348,8e-06,1e-06,"[5.1532457539266595e-06, 1.0303258255410685e-05]",USD/kg
321911,Recycling,L,1.0,47121129.811963,0.000303,0.000106,"[9.524194402025623e-05, 0.0005113702898778265]",USD/kg
321918,Recycling,L,1.0,402128571.115282,9e-06,3e-06,"[4.456932482741773e-06, 1.4476119465407212e-05]",USD/kg
322110,Recycling,L,1.0,13921402332.158651,5e-05,1e-06,"[4.942305950125311e-05, 5.1399138265911274e-05]",USD/kg
322222,Recycling,L,1.0,2989533.383392,0.051349,0.00154,"[0.04832941755508546, 0.054367909420506275]",USD/kg
323110,Recycling,L,1.0,23466696178.089172,5e-06,1e-06,"[2.7297090234133865e-06, 6.868290269884378e-06]",USD/kg
324110,Recycling,L,1.0,54494868.975895,0.073128,0.002925,"[0.0673949843244172, 0.07886126345053188]",USD/kg
324191,Recycling,L,3.0,10242796.339235,0.013848,0.006476,"[0.006519573442306847, 0.02117557858006218]",USD/kg
325110,Recycling,L,1.0,7606887.906486,0.006204,0.000124,"[0.005960358310943605, 0.006446706307046022]",USD/kg
325120,Recycling,L,1.0,10533705.777112,0.001993,8e-05,"[0.0018366594336680284, 0.002149140398492875]",USD/kg
325131,Recycling,L,1.0,1837984.787847,0.651267,0.052101,"[0.5491499232519601, 0.7533833945812909]",USD/kg
325132,Recycling,L,1.0,2131433.04301,0.023359,0.001635,"[0.02015431605782211, 0.026563943486767414]",USD/kg
325181,Recycling,L,1.0,79655722.076945,0.000217,2e-06,"[0.00021285384523073506, 0.00022136436578087677]",USD/kg
325188,Recycling,L,1.0,317024338.724754,0.006627,0.001723,"[0.0032498726802258366, 0.010003841129757789]",USD/kg
325199,Recycling,L,1.0,270350861753.5405,2.8e-05,2e-06,"[2.3310549027504997e-05, 3.197993810487643e-05]",USD/kg
325211,Recycling,L,1.0,327429579.679923,0.004473,0.000626,"[0.0032452909179341237, 0.00569977073228212]",USD/kg
325222,Recycling,L,1.0,3446252024.880684,7e-06,2e-06,"[3.8034179498186727e-06, 1.0559708464328552e-05]",USD/kg
325320,Recycling,L,1.0,8182246.838791,0.413115,0.016525,"[0.3807275740101212, 0.44550284888212527]",USD/kg
325411,Recycling,L,1.0,3599317.586382,0.28365,0.034038,"[0.21693643464462167, 0.350362751422729]",USD/kg
325412,Recycling,L,1.0,149053215.246241,0.003729,0.001268,"[0.0012441714372967306, 0.006214616152113141]",USD/kg
325414,Recycling,L,1.0,726060.676821,0.080925,0.000809,"[0.07933898214498333, 0.08251118717252356]",USD/kg
325510,Recycling,L,1.0,11199289.668307,0.037611,0.002633,"[0.032450796337677425, 0.04277104306301193]",USD/kg
325520,Recycling,L,1.0,112642679.057903,0.001015,0.000132,"[0.0007564946329947093, 0.001273805635528746]",USD/kg
325611,Recycling,L,1.0,2382406.435845,0.040212,0.002815,"[0.03469539346216575, 0.04572948387511417]",USD/kg
325991,Recycling,L,1.0,4494020.186187,0.045716,0.018286,"[0.009875348119535318, 0.08155696228965587]",USD/kg
325992,Recycling,L,1.0,97729998.023766,0.001574,7.9e-05,"[0.0014201685659984969, 0.001728757666258337]",USD/kg
325998,Recycling,L,1.0,333906487.467464,0.001209,7.3e-05,"[0.0010669426460932553, 0.0013513257882715617]",USD/kg
326112,Recycling,L,1.0,15848256722.525274,7e-06,1e-06,"[4.7112044267268056e-06, 9.419452946837115e-06]",USD/kg
326113,Recycling,L,1.0,795946846.418342,0.000736,9.6e-05,"[0.0005482738348419592, 0.0009231979582854869]",USD/kg
326121,Recycling,L,2.0,2624929032.962821,9e-06,3e-06,"[4.7419128512251104e-06, 1.3165320754343433e-05]",USD/kg
326130,Recycling,L,1.0,153750061.320326,7e-05,8e-06,"[5.515671368136437e-05, 8.547672616456444e-05]",USD/kg
326199,Recycling,L,1.0,67824855.157844,0.033236,0.00698,"[0.019556340561757087, 0.046915750496533584]",USD/kg
326211,Recycling,L,1.0,39761171.924649,0.000669,0.0001,"[0.0004720458387626012, 0.000865184265177364]",USD/kg
326220,Recycling,L,1.0,6390056372.768634,5e-06,1e-06,"[1.93631190888863e-06, 7.4630139684508445e-06]",USD/kg
326299,Recycling,L,1.0,22969666927.553196,4e-06,1e-06,"[2.5145730134207783e-06, 5.255970330363054e-06]",USD/kg
327125,Recycling,L,1.0,220390.667209,0.031716,0.008881,"[0.014310762471925077, 0.04912205061873805]",USD/kg
327215,Recycling,L,1.0,244456.775505,0.094769,0.047384,"[0.0018970810868603333, 0.18764037063665312]",USD/kg
331210,Recycling,L,1.0,18998109.197857,0.004471,0.001341,"[0.0018421999944398652, 0.007100283909876805]",USD/kg
331312,Recycling,L,1.0,17297427.827809,0.000183,2e-06,"[0.00017952177538448977, 0.00018669958209477708]",USD/kg
331316,Recycling,L,1.0,130241.844926,1.253777,0.175529,"[0.909746562302493, 1.5978064712013225]",USD/kg
331419,Recycling,L,1.0,6301160.451676,0.001014,0.000193,"[0.0006361528046489382, 0.0013910806833466699]",USD/kg
331421,Recycling,L,1.0,1123657.095937,0.437338,0.065601,"[0.3087631381636875, 0.5659132797489905]",USD/kg
331491,Recycling,L,10.0,288440.756848,12.575716,19.486274,"[0.49822028854883627, 24.65321191604931]",USD/kg
331513,Recycling,L,1.0,137002.034755,0.019092,0.001146,"[0.016846629191155857, 0.021336933671941352]",USD/kg
331522,Recycling,L,1.0,1889895.652594,0.056817,0.002841,"[0.051248841383474436, 0.06238472639777659]",USD/kg
331525,Recycling,L,1.0,538842.400681,0.18599,0.076256,"[0.03653114028815918, 0.3354484309950625]",USD/kg
332312,Recycling,L,1.0,133967.348298,0.291418,0.040798,"[0.21145408711181257, 0.3713811326685531]",USD/kg
332321,Recycling,L,1.0,169387.325117,0.05665,0.026625,"[0.0044649545834598015, 0.10883442762617893]",USD/kg
332439,Recycling,L,1.0,109008.023939,0.037782,0.002267,"[0.0333390092721476, 0.042225196593125985]",USD/kg
332510,Recycling,L,1.0,124659.595517,0.148337,0.056368,"[0.03785774754728387, 0.2588171538595222]",USD/kg
332710,Recycling,L,1.0,1119633.203844,1.706052,0.904207,"[-0.06616223331979931, 3.4782652622729757]",USD/kg
332721,Recycling,L,4.0,1608542.830905,0.116297,0.095364,"[0.022842459154857095, 0.2097516536063136]",USD/kg
332811,Recycling,L,1.0,87924.703376,2.503109,0.625777,"[1.2766082814565494, 3.729610321674242]",USD/kg
332812,Recycling,L,1.0,559870.6639,1.070257,0.299672,"[0.48291088278421324, 1.657603700362066]",USD/kg
332813,Recycling,L,1.0,24290314554.35511,3.4e-05,7e-06,"[2.0078557657187538e-05, 4.816855169811168e-05]",USD/kg
332911,Recycling,L,1.0,4911486.998974,0.096514,0.027024,"[0.04354829974471086, 0.14948062960421019]",USD/kg
332919,Recycling,L,1.0,263068.815731,1.031189,0.350604,"[0.3440172870162371, 1.718360769591722]",USD/kg
332999,Recycling,L,1.0,81526.651249,0.94721,0.151554,"[0.6501703838622365, 1.2442495624949328]",USD/kg
333111,Recycling,L,3.0,411690.595532,0.051491,0.041025,"[0.0050675844104206835, 0.09791476011040699]",USD/kg
333120,Recycling,L,1.0,13256.837393,7.951308,2.385392,"[3.2760248935558636, 12.626591526585672]",USD/kg
333132,Recycling,L,1.0,21568.575107,2.281542,1.049509,"[0.22454148578813093, 4.338541588092467]",USD/kg
333415,Recycling,L,3.0,160281170.270917,0.000549,0.000114,"[0.00042019627257539657, 0.0006786371428951705]",USD/kg
333999,Recycling,L,1.0,405080.954818,0.142915,0.007146,"[0.12890927684247333, 0.1569200346555762]",USD/kg
334413,Recycling,L,1.0,33520237.698344,0.455718,0.109372,"[0.24135230575161573, 0.6700841242157081]",USD/kg
335999,Recycling,L,2.0,234684.566708,0.3519,0.209018,"[0.06222128560436746, 0.641579196157789]",USD/kg
336340,Recycling,L,1.0,22561603.657985,0.023403,0.007489,"[0.008724861330871067, 0.03808088767115962]",USD/kg
336399,Recycling,L,1.0,59030802.32209,0.006105,0.000916,"[0.00431004679212746, 0.007899624062997433]",USD/kg
336411,Recycling,L,1.0,351711.700097,0.067594,0.002028,"[0.06361984495620403, 0.0715687906642606]",USD/kg
336415,Recycling,L,2.0,27042476.807154,0.003442,4.9e-05,"[0.003374571294757763, 0.003509496545090086]",USD/kg
336510,Recycling,L,1.0,250661.64026,0.788975,0.126236,"[0.5415572220415641, 1.0363934644152673]",USD/kg
336611,Recycling,L,1.0,13955.813852,0.296431,0.008893,"[0.27900137437449707, 0.3138610440090704]",USD/kg
337110,Recycling,L,1.0,117797.741755,0.028095,0.004214,"[0.019835362417309675, 0.03635503599085303]",USD/kg
337122,Recycling,L,1.0,6406.996628,0.050478,0.044925,"[-0.03757415756116994, 0.1385300295890676]",USD/kg
337211,Recycling,L,4.0,805657.895361,0.01545,0.015759,"[6.463623242546068e-06, 0.030892768755225748]",USD/kg
337214,Recycling,L,2.0,624145.830788,0.042289,0.034089,"[-0.0049554079536529225, 0.08953349835499519]",USD/kg
339112,Recycling,L,1.0,394862308.36402,0.00032,4.8e-05,"[0.00022601206441510914, 0.00041424384204887834]",USD/kg
339993,Recycling,L,4.0,1411286.207791,0.011204,0.000224,"[0.010984485541799236, 0.011423677466356107]",USD/kg
325188,Recycling,A,1.0,5457636091.113088,0.00028,7.3e-05,"[0.000137523201454334, 0.00042332743291015015]",USD/kg
325199,Recycling,A,3.0,570141414329.2356,1.1e-05,2e-06,"[9.692666556110867e-06, 1.3297450702250084e-05]",USD/kg
325320,Recycling,A,1.0,56635026517.43615,0.000115,5e-06,"[0.0001057787563512108, 0.00012377547759233183]",USD/kg
325998,Recycling,A,3.0,2283654.454243,0.256352,0.026641,"[0.22620569955552444, 0.2864986195674773]",USD/kg
326113,Recycling,A,3.0,167618683.57637,0.004121,0.000928,"[0.003070806039963182, 0.005170704283566502]",USD/kg
327310,Recycling,A,2.0,17708553356.48522,0.000411,4.1e-05,"[0.0003547682272968783, 0.00046759429165334334]",USD/kg
324110,Recycling,S,1.0,74575754519.63904,9e-06,0.0,"[8.17852292914042e-06, 9.569979989111536e-06]",USD/kg
324122,Recycling,S,1.0,751827949.87854,1e-05,1e-06,"[8.353949556489134e-06, 1.1460853600339986e-05]",USD/kg
325131,Recycling,S,2.0,230614585.734128,0.003347,0.000379,"[0.0028223533239388177, 0.0038720102432231863]",USD/kg
325181,Recycling,S,1.0,7856.345779,0.489172,0.004892,"[0.4795847619032054, 0.49875996621904795]",USD/kg
325320,Recycling,S,1.0,20845354276.4001,1.9e-05,1e-06,"[1.7243504499363652e-05, 2.017723670041833e-05]",USD/kg
326211,Recycling,S,1.0,213847294.446231,1e-05,2e-06,"[7.314057054886883e-06, 1.3405492769697034e-05]",USD/kg
326299,Recycling,S,2.0,54618.68337,1.283806,0.326804,"[0.8308877779173971, 1.7367248774590858]",USD/kg
327112,Recycling,S,1.0,19486267.034974,0.000133,1e-06,"[0.00013007192494733462, 0.00013527258171282933]",USD/kg
327310,Recycling,S,1.0,595089916.146192,0.004274,0.000299,"[0.003687478368382725, 0.004860198019390444]",USD/kg
331111,Recycling,S,1.0,15200370418.128876,4.6e-05,1e-06,"[4.3500935919355884e-05, 4.89361358653892e-05]",USD/kg
331112,Recycling,S,1.0,355944.362176,0.007031,7e-05,"[0.006893051105232731, 0.007168655490113205]",USD/kg
331316,Recycling,S,1.0,23003969143.85531,1e-06,0.0,"[1.0656668071593286e-06, 1.8716523823010227e-06]",USD/kg
331419,Recycling,S,1.0,18162276614.338768,1e-06,0.0,"[3.6784126599266213e-07, 8.043615872173309e-07]",USD/kg
331511,Recycling,S,1.0,3836248.257467,0.023179,0.002086,"[0.0190899571709809, 0.027267211454849977]",USD/kg
331513,Recycling,S,1.0,3437186604.468982,8e-06,1e-06,"[7.386345339677711e-06, 9.355103552317418e-06]",USD/kg
331521,Recycling,S,1.0,5280834.704624,0.026473,0.002118,"[0.0223221837816065, 0.03062399151813797]",USD/kg
331524,Recycling,S,3.0,3164244052.424494,4.6e-05,1e-06,"[4.4662818662094265e-05, 4.644856904700731e-05]",USD/kg
331525,Recycling,S,1.0,225843.817081,2.218772,0.909696,"[0.4357995624344584, 4.0017442185991055]",USD/kg
332116,Recycling,S,7.0,777169319.517112,0.000101,0.000225,"[-6.541542530831612e-05, 0.0002678241104627441]",USD/kg
332321,Recycling,S,1.0,7595484.535597,0.002106,0.00099,"[0.00016595533616459266, 0.004045204421539256]",USD/kg
332999,Recycling,S,1.0,49282.699642,0.391734,0.062677,"[0.2688885477166232, 0.5145796642856569]",USD/kg
336311,Recycling,S,1.0,1016645.989352,0.034181,0.003418,"[0.027481891594194605, 0.04088071658654113]",USD/kg
