NAICS code,Activity,Media,Probable establishments by activity & media,Probable mass by activity & media,Mean PAOC,SD PAOC,CI at 95% for Mean PAOC,Unit
311111,Treatment,W,9.0,15708005692.121578,1.6e-05,8e-06,"[1.1163149660505144e-05, 2.1363237123535395e-05]",USD/kg
311119,Treatment,W,4.0,29021926804.986824,3e-06,2e-06,"[1.8759227727160312e-06, 4.955448234911819e-06]",USD/kg
311221,Treatment,W,9.0,147371836547.20294,2.7e-05,5e-06,"[2.341739882717814e-05, 2.965907778199371e-05]",USD/kg
311222,Treatment,W,11.0,2756108536.32352,0.000259,0.000146,"[0.0001729101700656847, 0.000345711852732084]",USD/kg
311223,Treatment,W,1.0,65717597771.11587,1e-06,0.0,"[9.533066602771914e-07, 9.914226544424898e-07]",USD/kg
311225,Treatment,W,7.0,82986669561.46252,3e-06,1e-06,"[1.8419699961753527e-06, 3.2350895310875175e-06]",USD/kg
311312,Treatment,W,1.0,331060793.936869,2e-05,0.0,"[1.9739979396445192e-05, 2.0529241625326754e-05]",USD/kg
311313,Treatment,W,6.0,61451939568.04413,2.8e-05,5e-06,"[2.380872388879726e-05, 3.138055362730097e-05]",USD/kg
311423,Treatment,W,6.0,1547357.500931,0.40647,0.358432,"[0.11967001678894418, 0.6932698383499266]",USD/kg
311512,Treatment,W,4.0,64662187.311666,0.003009,6e-05,"[0.002950031884711348, 0.0030679828052182986]",USD/kg
311513,Treatment,W,1.0,1589444102697.955,2e-06,0.0,"[1.5899951114377265e-06, 3.1789926272195658e-06]",USD/kg
311514,Treatment,W,5.0,531111034718.8027,2e-06,1e-06,"[8.272122799985171e-07, 2.416700175388263e-06]",USD/kg
311520,Treatment,W,11.0,6241072891.011779,1.8e-05,9e-06,"[1.2622494571779315e-05, 2.313500680234229e-05]",USD/kg
311612,Treatment,W,5.0,4679604588.198551,0.000235,6.8e-05,"[0.00017506024030098204, 0.00029477105444840205]",USD/kg
311613,Treatment,W,2.0,225721627.431696,0.009052,0.000896,"[0.007810143411204463, 0.010293984057983629]",USD/kg
311712,Treatment,W,12.0,28600995435.628624,2e-06,2e-06,"[1.3458463597585174e-06, 3.3863182405903195e-06]",USD/kg
311920,Treatment,W,7.0,1562338888.881518,0.000103,4.4e-05,"[7.102785950053721e-05, 0.00013592803563814885]",USD/kg
311941,Treatment,W,15.0,39364180535.3552,5e-06,4e-06,"[2.9703770143059583e-06, 6.800484249179934e-06]",USD/kg
311991,Treatment,W,7.0,77082.977739,3.291333,0.696644,"[2.7752618339857644, 3.8074050324154918]",USD/kg
312111,Treatment,W,8.0,22868240083.956604,2e-05,5e-06,"[1.679394073088674e-05, 2.3987687817624216e-05]",USD/kg
312120,Treatment,W,5.0,6062881005.254332,0.000614,2.7e-05,"[0.0005900804588155725, 0.0006382293172755122]",USD/kg
312130,Treatment,W,3.0,106598211.66179,0.002788,0.000966,"[0.0016954275397096203, 0.003881570663889322]",USD/kg
313230,Treatment,W,6.0,29396296.809944,0.016189,0.004362,"[0.012698969729419786, 0.019679677879366683]",USD/kg
313312,Treatment,W,12.0,187776884305.13937,1e-06,0.0,"[6.555179601763796e-07, 8.99310598319239e-07]",USD/kg
316110,Treatment,W,8.0,38439951009.12096,3e-05,1e-05,"[2.3129405504022533e-05, 3.735509972972746e-05]",USD/kg
321114,Treatment,W,1.0,519009086.035862,0.000178,2.3e-05,"[0.00013256185472253446, 0.00022321115079594785]",USD/kg
321211,Treatment,W,1.0,931702.669301,0.161971,0.021056,"[0.12070132737826719, 0.2032400817195383]",USD/kg
322121,Treatment,W,2.0,13153625107044.133,2e-06,0.0,"[1.5960605226834798e-06, 2.021474867315277e-06]",USD/kg
322122,Treatment,W,4.0,1210315485478.611,1e-06,0.0,"[1.247608749758255e-06, 1.2974918039818915e-06]",USD/kg
322130,Treatment,W,6.0,16001487663846.586,1e-06,0.0,"[8.816908574329819e-07, 1.0316977693064994e-06]",USD/kg
322291,Treatment,W,2.0,9379223.306623,0.051486,0.010194,"[0.037358371453831044, 0.06561327092173878]",USD/kg
322299,Treatment,W,13.0,134396.789938,0.445709,0.144632,"[0.3670872621420691, 0.5243304586573585]",USD/kg
323110,Treatment,W,1.0,1096750.178774,1.43988,0.11519,"[1.214111088125908, 1.6656492047826517]",USD/kg
323113,Treatment,W,1.0,298972.742333,0.069651,0.016716,"[0.03688786632527344, 0.10241449123007387]",USD/kg
323122,Treatment,W,1.0,14797829382.52783,1e-06,0.0,"[-1.4932330806982924e-08, 1.5719021540259636e-06]",USD/kg
324110,Treatment,W,1.0,1800664740207.1353,4.5e-05,2e-06,"[4.118926455387155e-05, 4.819702053316869e-05]",USD/kg
324121,Treatment,W,1.0,596528.143105,0.111241,0.037822,"[0.03711152155692206, 0.18537144832568392]",USD/kg
324199,Treatment,W,1.0,44957427773.38868,2.2e-05,3e-06,"[1.541739183553145e-05, 2.825760494180331e-05]",USD/kg
325110,Treatment,W,2.0,515823305249.31384,5e-06,1e-06,"[4.578215421804564e-06, 6.280892210961858e-06]",USD/kg
325120,Treatment,W,12.0,4447287.685664,0.145596,0.010087,"[0.139889066705539, 0.15130360987888483]",USD/kg
325131,Treatment,W,5.0,380559320.978128,0.002636,0.000354,"[0.00232621719828086, 0.002946247673825753]",USD/kg
325132,Treatment,W,11.0,422041453481.9819,2e-06,0.0,"[1.4757845188993587e-06, 1.660175584699613e-06]",USD/kg
325188,Treatment,W,5.0,426264246.088536,0.028509,0.00765,"[0.021803606536393755, 0.0352138707799073]",USD/kg
325191,Treatment,W,4.0,1112962384.571228,0.000133,2.1e-05,"[0.00011197748861919857, 0.0001536228576579676]",USD/kg
325193,Treatment,W,4.0,7187112406.692071,7.6e-05,1.4e-05,"[6.256292563000662e-05, 8.936198793471617e-05]",USD/kg
325199,Treatment,W,3.0,2148453805.898987,0.020361,0.001411,"[0.018764602800963537, 0.021957127816932244]",USD/kg
325211,Treatment,W,3.0,91236451834.3794,0.000163,1.1e-05,"[0.00014994225348186212, 0.0001754527532387227]",USD/kg
325212,Treatment,W,4.0,132660079269.35222,2.3e-05,2e-06,"[2.0394628980688152e-05, 2.4826187570255242e-05]",USD/kg
325222,Treatment,W,2.0,48006901475.267555,4.4e-05,3e-06,"[3.95983831957427e-05, 4.8202734633085765e-05]",USD/kg
325311,Treatment,W,4.0,1147629016.495106,0.000904,1.8e-05,"[0.0008859607021967795, 0.0009213840075849922]",USD/kg
325312,Treatment,W,5.0,17113972714.067162,0.000131,3e-06,"[0.0001288979752859223, 0.00013405169410342054]",USD/kg
325320,Treatment,W,7.0,908583550.88976,0.007955,0.001473,"[0.006863577064429572, 0.009046383550476194]",USD/kg
325411,Treatment,W,3.0,926004.553598,7.309449,0.633017,"[6.59313659425387, 8.025762367153272]",USD/kg
325412,Treatment,W,1.0,4030506628.129173,0.000798,8e-05,"[0.0006418394525717145, 0.0009547689490263393]",USD/kg
325510,Treatment,W,2.0,14886791.313458,0.03814,0.004315,"[0.03215981403225527, 0.04412031913115091]",USD/kg
325611,Treatment,W,3.0,17875649.739019,0.04552,0.017345,"[0.025892125202252474, 0.06514783446437966]",USD/kg
325612,Treatment,W,10.0,27752823.53531,0.011329,0.010389,"[0.004889714160599494, 0.01776828322151776]",USD/kg
325992,Treatment,W,4.0,1261110.639553,0.990566,0.039623,"[0.9517363033317272, 1.029395232509431]",USD/kg
325998,Treatment,W,7.0,12044837406.615942,0.000188,3.5e-05,"[0.00016183020063913217, 0.00021329666022388834]",USD/kg
326113,Treatment,W,2.0,378857.442736,2.149692,0.273611,"[1.770492977778772, 2.528890241713423]",USD/kg
326121,Treatment,W,1.0,1122296.985712,0.038132,0.009533,"[0.019447429651865834, 0.0568156539583761]",USD/kg
326130,Treatment,W,3.0,3029811.77242,0.083004,0.007188,"[0.07486951854874976, 0.0911379516904185]",USD/kg
326150,Treatment,W,2.0,1344198592.970808,1.8e-05,5e-06,"[9.967271156683012e-06, 2.5078904350450204e-05]",USD/kg
326199,Treatment,W,1.0,594707241.205966,0.002968,0.000297,"[0.0023866059055672236, 0.00355019811117621]",USD/kg
326291,Treatment,W,3.0,191190462.787251,0.001039,0.000234,"[0.0007743814342616994, 0.0013039239037381041]",USD/kg
327125,Treatment,W,4.0,653601.026607,0.065993,0.009239,"[0.05693869539677068, 0.07504676826495715]",USD/kg
327212,Treatment,W,2.0,28956621.311334,0.017415,0.00197,"[0.014684040403659799, 0.020145158429535594]",USD/kg
327213,Treatment,W,3.0,8384949.674046,0.016841,0.00175,"[0.014860144831925468, 0.018820971307464355]",USD/kg
327999,Treatment,W,1.0,181490.281385,0.042378,0.007204,"[0.02825789032437593, 0.05649805106679947]",USD/kg
331111,Treatment,W,6.0,585098283376.7767,3.4e-05,6e-06,"[2.9146500602021088e-05, 3.8415890303984165e-05]",USD/kg
331210,Treatment,W,7.0,82398695.735172,0.001293,0.000547,"[0.0008873046852287195, 0.001698060222056299]",USD/kg
331221,Treatment,W,11.0,972205267.294424,0.000487,4.8e-05,"[0.0004581300948628484, 0.0005153709016236714]",USD/kg
331222,Treatment,W,5.0,83020135.597653,0.008109,0.002176,"[0.00620189860704272, 0.010016363842099075]",USD/kg
331311,Treatment,W,1.0,82825479362.8789,2e-06,0.0,"[2.3094281767060447e-06, 2.401765883528431e-06]",USD/kg
331315,Treatment,W,1.0,927180.876342,4.213962,0.168558,"[3.8835932024806694, 4.544330260561586]",USD/kg
331316,Treatment,W,5.0,5460268832.122372,0.000119,1.6e-05,"[0.00010525775339935163, 0.00013331317958363838]",USD/kg
331419,Treatment,W,4.0,4190806.459593,0.088362,0.007069,"[0.08143413968077404, 0.09528897747523093]",USD/kg
331491,Treatment,W,9.0,213674996.156725,0.002009,0.000542,"[0.001654799648943407, 0.002363639244395062]",USD/kg
331525,Treatment,W,1.0,2017997.959353,0.006221,0.003546,"[-0.0007289993381531723, 0.013171440505764083]",USD/kg
332112,Treatment,W,5.0,8603675337.494234,4.7e-05,3e-06,"[4.400138885002923e-05, 4.949911760571462e-05]",USD/kg
332116,Treatment,W,9.0,1555488.938339,0.084652,0.063489,"[0.04317314708345488, 0.1261303230760014]",USD/kg
332431,Treatment,W,1.0,1774386907.67983,0.000915,9.1e-05,"[0.000735645895577138, 0.0010943108214390206]",USD/kg
332439,Treatment,W,6.0,260899707.34417,0.000141,5.2e-05,"[9.96364913536716e-05, 0.00018261769827830293]",USD/kg
332510,Treatment,W,11.0,300011007.982358,0.001294,0.000773,"[0.0008377627671014202, 0.0017510950066937248]",USD/kg
332721,Treatment,W,8.0,969109117.097974,0.000103,7e-05,"[5.4384327946735685e-05, 0.00015099120205112963]",USD/kg
332722,Treatment,W,9.0,677687861631.4497,1e-06,0.0,"[4.7443222451628486e-07, 6.253147347791374e-07]",USD/kg
332811,Treatment,W,6.0,307871381.239832,0.000543,0.000133,"[0.00043692043226579736, 0.0006499414460284195]",USD/kg
332812,Treatment,W,3.0,1836494204.666405,0.000873,0.000227,"[0.0006163184808030641, 0.001129612864137538]",USD/kg
332813,Treatment,W,4.0,218313595047.35834,2.8e-05,7e-06,"[2.1288081538702805e-05, 3.43812731716997e-05]",USD/kg
332912,Treatment,W,7.0,231091.699417,0.446759,0.212763,"[0.289145529660529, 0.6043731150146338]",USD/kg
332913,Treatment,W,10.0,2219382614.339924,3.5e-05,2.1e-05,"[2.2190794439899203e-05, 4.8524796665002005e-05]",USD/kg
332992,Treatment,W,5.0,16977974840.569004,2.1e-05,0.0,"[2.0906696137270295e-05, 2.1742607120785455e-05]",USD/kg
332996,Treatment,W,3.0,14746409.09276,0.001778,0.001016,"[0.0006280733100581684, 0.0029282810287953043]",USD/kg
332999,Treatment,W,3.0,203175432.33048,0.001156,0.00038,"[0.0007254769742850611, 0.0015864065956569416]",USD/kg
333111,Treatment,W,4.0,683999323.3991,0.000224,7.2e-05,"[0.00015362702342005435, 0.00029400040577410246]",USD/kg
333415,Treatment,W,2.0,1826727.936333,0.11717,0.023199,"[0.0850193185969316, 0.1493211659821976]",USD/kg
333611,Treatment,W,6.0,26226348150.918926,5e-06,2e-06,"[3.8382215527618165e-06, 6.741146918308518e-06]",USD/kg
333618,Treatment,W,5.0,2495560.181316,0.181032,0.06072,"[0.1278095551638991, 0.2342544028287378]",USD/kg
333999,Treatment,W,5.0,50371778.923384,0.002124,0.000712,"[0.0014997070654550865, 0.0027487223673199313]",USD/kg
334413,Treatment,W,1.0,1437487347.288892,0.019933,0.003189,"[0.01368243744795506, 0.026184469842123165]",USD/kg
334511,Treatment,W,1.0,83908646830.35927,4e-06,1e-06,"[2.6868952006657205e-06, 5.1419877940894285e-06]",USD/kg
334515,Treatment,W,6.0,187292943.808757,0.000189,4.2e-05,"[0.00015553583185210122, 0.00022216018495652387]",USD/kg
334517,Treatment,W,7.0,285412329.822988,2.8e-05,2.1e-05,"[1.1986168589652065e-05, 4.355543723964565e-05]",USD/kg
335110,Treatment,W,3.0,4881438.454565,0.019824,0.006524,"[0.012441371754715783, 0.027205652157536044]",USD/kg
335122,Treatment,W,5.0,698765065.894496,3.1e-05,1.7e-05,"[1.5713074716037058e-05, 4.5905738273377316e-05]",USD/kg
335931,Treatment,W,9.0,7224603405.813145,6e-06,1e-06,"[5.15955928285298e-06, 6.800441196472107e-06]",USD/kg
336111,Treatment,W,1.0,208809701109.71274,1.2e-05,1e-06,"[1.093232132456058e-05, 1.3307810602430702e-05]",USD/kg
336112,Treatment,W,1.0,2083408747.782056,0.002967,0.000237,"[0.002501895741051293, 0.003432371792241655]",USD/kg
336211,Treatment,W,1.0,374659935.334304,0.000109,3.6e-05,"[3.847368679543051e-05, 0.0001793767787082649]",USD/kg
336312,Treatment,W,2.0,67878364.881066,0.025411,0.004312,"[0.01943414195643575, 0.0313870717869546]",USD/kg
336321,Treatment,W,1.0,29359116.576325,0.00405,4.1e-05,"[0.003970777157909843, 0.004129540465971264]",USD/kg
336340,Treatment,W,3.0,375454670.696295,0.000887,0.000399,"[0.00043502471573592734, 0.0013391041963643456]",USD/kg
336350,Treatment,W,13.0,5369254.441428,0.281484,0.081192,"[0.23734820051227323, 0.3256199908775259]",USD/kg
336370,Treatment,W,3.0,5928259293.506743,0.000109,3e-05,"[7.484825182168845e-05, 0.00014323922912240733]",USD/kg
336399,Treatment,W,1.0,439052179.262224,0.001562,0.000187,"[0.0011948642096541594, 0.0019297630329214717]",USD/kg
336411,Treatment,W,1.0,71391.885935,3.276221,0.29486,"[2.6983062470491026, 3.854135781932193]",USD/kg
336412,Treatment,W,5.0,8600474.434631,0.08509,0.055177,"[0.03672565216737458, 0.13345397456215605]",USD/kg
336413,Treatment,W,2.0,2204361042.144173,0.000309,3.5e-05,"[0.0002606449093400863, 0.0003575809414961365]",USD/kg
339112,Treatment,W,1.0,1367227933.275948,0.000213,2.8e-05,"[0.00015893879943392101, 0.0002676253466883717]",USD/kg
339113,Treatment,W,3.0,77502302184.18199,2e-06,0.0,"[1.2112159538507786e-06, 2.1272833218374593e-06]",USD/kg
339911,Treatment,W,10.0,6032973.635188,0.004335,0.003975,"[0.0018708323424478997, 0.006798245833763476]",USD/kg
339950,Treatment,W,1.0,2200927.050254,0.021493,0.006448,"[0.008855186369051556, 0.03413002794751098]",USD/kg
339999,Treatment,W,8.0,43571396.174503,0.002627,0.001115,"[0.0018546487584709262, 0.003399273527049905]",USD/kg
311513,Treatment,L,3.0,5577140672499.425,1e-06,0.0,"[4.901292342940694e-07, 9.799509514194145e-07]",USD/kg
313320,Treatment,L,3.0,220031620696.76105,2e-06,0.0,"[1.3891949415784436e-06, 1.9058482146802162e-06]",USD/kg
322110,Treatment,L,1.0,23613900.792597,1.937251,0.019373,"[1.8992817306932266, 1.9752205805742409]",USD/kg
322121,Treatment,L,3.0,159346349316.1327,0.000142,1.5e-05,"[0.0001250187303431992, 0.00015834125193920433]",USD/kg
322221,Treatment,L,2.0,5425951.872752,0.030554,0.008642,"[0.018576817741459715, 0.042530411406445985]",USD/kg
323110,Treatment,L,1.0,11940183.882365,0.132258,0.010581,"[0.11152060689116214, 0.15299605777579348]",USD/kg
323111,Treatment,L,1.0,149629201.612575,0.006945,0.000347,"[0.006263982574420085, 0.0076250863144712204]",USD/kg
323113,Treatment,L,1.0,3278764.54655,0.006351,0.001524,"[0.003363604308116507, 0.009338621563996985]",USD/kg
323122,Treatment,L,1.0,952420.495024,0.012095,0.00629,"[-0.0002320047549582739, 0.024422762847755554]",USD/kg
324110,Treatment,L,1.0,3874410.573034,53.24185,2.129674,"[49.06776520317928, 57.41593380287833]",USD/kg
324191,Treatment,L,15.0,17985882158.700344,2e-05,5e-06,"[1.7571105629015356e-05, 2.225451222882012e-05]",USD/kg
325110,Treatment,L,2.0,123690458.801077,0.031589,0.003574,"[0.026635749099532605, 0.03654180802755819]",USD/kg
325181,Treatment,L,5.0,1370876835.760798,0.000905,2e-05,"[0.0008867903419051467, 0.0009222468187203524]",USD/kg
325192,Treatment,L,6.0,80192423.964699,0.033605,0.000823,"[0.032946409919352534, 0.03426370394506345]",USD/kg
325199,Treatment,L,5.0,506803107.172634,0.07397,0.006616,"[0.06817103968371459, 0.0797693533737693]",USD/kg
325211,Treatment,L,1.0,268594181806.3637,2.8e-05,1e-06,"[2.5654971355076132e-05, 3.0019792646728278e-05]",USD/kg
325212,Treatment,L,4.0,45809999.689058,0.058757,0.005876,"[0.052998965730975664, 0.06451513609355866]",USD/kg
325221,Treatment,L,2.0,328357951.396289,0.00188,2.7e-05,"[0.0018432608503956738, 0.0019169598213001418]",USD/kg
325222,Treatment,L,2.0,11807182011.097202,0.00022,1.6e-05,"[0.000198608726305799, 0.00024176451050059172]",USD/kg
325311,Treatment,L,5.0,3497417.46318,0.285528,0.006385,"[0.27993176685311116, 0.291124259297203]",USD/kg
325320,Treatment,L,4.0,797289186.05058,0.00715,0.001001,"[0.006168682249071593, 0.008130493050820522]",USD/kg
325412,Treatment,L,6.0,1802516056.472611,0.0028,0.000686,"[0.0022511441492586246, 0.0033486918338886318]",USD/kg
325510,Treatment,L,3.0,42706641.259286,0.023598,0.00327,"[0.01989771366725592, 0.027297840593826048]",USD/kg
325520,Treatment,L,4.0,289468.583973,1.981069,0.594321,"[1.3986457480550154, 2.5634931915647985]",USD/kg
325920,Treatment,L,4.0,1037986.648843,0.254668,0.03056,"[0.22471945450122766, 0.28461623040915063]",USD/kg
325998,Treatment,L,3.0,1757881981.433223,0.001065,0.000129,"[0.0009184853435184252, 0.0012105889720419585]",USD/kg
326121,Treatment,L,3.0,1365.367765,8.431398,3.650902,"[4.300088833142107, 12.562706923618537]",USD/kg
326122,Treatment,L,4.0,83400.167907,0.868124,0.4167,"[0.45976612058642075, 1.276482432176403]",USD/kg
326130,Treatment,L,1.0,2963.074803,8.952467,0.447623,"[8.075141207405247, 9.829792464534242]",USD/kg
326150,Treatment,L,1.0,708.73179,48.283918,10.622462,"[27.4642748974197, 69.10356028039222]",USD/kg
326199,Treatment,L,3.0,2672584.076376,0.491351,0.085105,"[0.3950481094476412, 0.5876542284225249]",USD/kg
326220,Treatment,L,4.0,220125187.035552,0.000154,3.4e-05,"[0.00012114558779116507, 0.00018774012341437363]",USD/kg
326291,Treatment,L,3.0,17141.3453,14.114003,3.178002,"[10.517820912615765, 17.71018453750981]",USD/kg
326299,Treatment,L,11.0,31510899.631486,0.003752,0.001369,"[0.0029432875859711732, 0.0045612323544689595]",USD/kg
327310,Treatment,L,2.0,39970389.128055,0.055349,0.006262,"[0.04667055087883434, 0.06402772095434242]",USD/kg
331111,Treatment,L,3.0,4734823404.52528,0.00423,0.000513,"[0.0036493687834644436, 0.004809968537170902]",USD/kg
331210,Treatment,L,4.0,8910884635.105333,7e-06,2e-06,"[4.967124073356244e-06, 9.505726665705984e-06]",USD/kg
331312,Treatment,L,1.0,65230737.118945,0.103678,0.001037,"[0.10164604760726371, 0.10571015448804179]",USD/kg
331421,Treatment,L,16.0,4572720.295614,0.128402,0.035953,"[0.11078585507747975, 0.1460188073347794]",USD/kg
332112,Treatment,L,3.0,1115709.976725,0.371827,0.019321,"[0.34996412203651955, 0.3936901922234401]",USD/kg
332212,Treatment,L,10.0,132849181.73457,0.001159,0.000696,"[0.0007271850080131473, 0.001590141567362295]",USD/kg
332321,Treatment,L,4.0,70966.321851,3.039619,0.607924,"[2.443864957799198, 3.63537387421589]",USD/kg
332510,Treatment,L,10.0,7927470863.577552,5.5e-05,3.1e-05,"[3.565026330239653e-05, 7.451631954489287e-05]",USD/kg
332812,Treatment,L,1.0,18396671.611053,0.074829,0.011224,"[0.0528299916761469, 0.09682889620946425]",USD/kg
332919,Treatment,L,8.0,5994.148052,20.29751,10.333805,"[13.136680105034433, 27.45834004541499]",USD/kg
334412,Treatment,L,6.0,275326484.439859,0.011441,0.004764,"[0.007629231229824552, 0.01525367572296175]",USD/kg
334413,Treatment,L,2.0,5576048923219.514,5e-06,1e-06,"[3.2636551964209494e-06, 6.2457498081633906e-06]",USD/kg
335932,Treatment,L,3.0,3149884.836282,0.024362,0.007595,"[0.01576721287381104, 0.032956689909167405]",USD/kg
336211,Treatment,L,1.0,1164.616287,35.041516,11.5637,"[12.377080044245012, 57.70595264124015]",USD/kg
336411,Treatment,L,5.0,16393449.688507,0.02221,0.00447,"[0.018292477734452414, 0.02612812873025529]",USD/kg
336413,Treatment,L,5.0,2248097392.293959,0.000232,4.1e-05,"[0.00019553308202773688, 0.0002682534784283476]",USD/kg
336414,Treatment,L,7.0,145311170.395137,0.001224,3.2e-05,"[0.0012002449489017875, 0.0012482342595565217]",USD/kg
336612,Treatment,L,1.0,2691.8684,7.070466,1.555502,"[4.021736847683184, 10.119194325128898]",USD/kg
339113,Treatment,L,2.0,799589.823393,0.167091,0.033082,"[0.12124239176104268, 0.21294048932641846]",USD/kg
339991,Treatment,L,4.0,2723801.714259,0.083642,0.021747,"[0.06233008550630055, 0.10495304357495623]",USD/kg
339999,Treatment,L,4.0,3865.985718,32.715543,9.814663,"[23.097349790980875, 42.33373533985183]",USD/kg
311119,Treatment,A,15.0,8413222907.659795,2.5e-05,2.2e-05,"[1.3696662555663063e-05, 3.6181181481886964e-05]",USD/kg
311221,Treatment,A,5.0,1086441522700.1895,3e-06,0.0,"[2.95732629290032e-06, 3.745572733982221e-06]",USD/kg
311225,Treatment,A,3.0,7265510912.573822,3.5e-05,8e-06,"[2.5130840646130284e-05, 4.413780878653632e-05]",USD/kg
311320,Treatment,A,4.0,4309498012.526723,6e-06,1e-06,"[4.938246301397099e-06, 7.34589345096593e-06]",USD/kg
311511,Treatment,A,1.0,194105915.820364,0.000306,3.1e-05,"[0.00024590266538103824, 0.00036579276709762065]",USD/kg
311513,Treatment,A,1.0,215233154.632678,0.003603,0.000613,"[0.002402739718237392, 0.004803971908125862]",USD/kg
311514,Treatment,A,1.0,47012573028.02228,2.4e-05,6e-06,"[1.2412685803237271e-05, 3.626365406202225e-05]",USD/kg
311613,Treatment,A,4.0,3168440115.135636,0.001317,0.000184,"[0.0011361190092226564, 0.0014974361356965883]",USD/kg
311615,Treatment,A,1.0,27097670.647054,0.153063,0.015306,"[0.12306301912857162, 0.18306252282655747]",USD/kg
311930,Treatment,A,8.0,196753.408837,0.129034,0.142335,"[0.030402172556943635, 0.22766540082662914]",USD/kg
311941,Treatment,A,2.0,1340307.170903,0.013463,0.003808,"[0.008185815075306779, 0.01874088919292636]",USD/kg
311942,Treatment,A,1.0,344284.022244,0.431504,0.163972,"[0.11012574918529539, 0.7528824300808317]",USD/kg
311999,Treatment,A,1.0,533292016.388281,0.000129,3.1e-05,"[6.84394058332093e-05, 0.0001900133465755483]",USD/kg
312120,Treatment,A,6.0,7215360573.7714,0.000595,2.9e-05,"[0.0005720288219350034, 0.0006187047190451005]",USD/kg
312210,Treatment,A,3.0,5720450.564712,0.003425,5.9e-05,"[0.0033582798260444746, 0.003492553695711693]",USD/kg
313210,Treatment,A,3.0,66249637902.94869,1e-06,0.0,"[5.801132137999945e-07, 1.6106109017876114e-06]",USD/kg
313230,Treatment,A,5.0,1184414580.850458,0.000383,9.4e-05,"[0.0003002384789383643, 0.00046528156837869633]",USD/kg
313311,Treatment,A,1.0,289927106105.6149,2e-06,0.0,"[1.2718968717500814e-06, 2.141653532468573e-06]",USD/kg
313312,Treatment,A,1.0,73409856.929657,0.000236,1.9e-05,"[0.00019941372187799928, 0.00027357736085051944]",USD/kg
313320,Treatment,A,6.0,1319822361.285593,0.00033,6.5e-05,"[0.00027824699157714505, 0.0003817293860391579]",USD/kg
314992,Treatment,A,2.0,844737692.482725,9.7e-05,1e-06,"[9.54441008974794e-05, 9.926023577254956e-05]",USD/kg
321212,Treatment,A,13.0,28576487629.597748,2.4e-05,5e-06,"[2.146333710261112e-05, 2.7184179988798716e-05]",USD/kg
321219,Treatment,A,16.0,2479860182581.344,2e-06,1e-06,"[1.7171589105020547e-06, 2.4527103279945955e-06]",USD/kg
321911,Treatment,A,1.0,959265614.159998,0.002093,0.000377,"[0.0013545108791063834, 0.0028312039279592073]",USD/kg
321918,Treatment,A,8.0,180786197.147114,0.001178,0.000533,"[0.0008086804744243388, 0.0015475948327936763]",USD/kg
321999,Treatment,A,6.0,1297941.429863,0.252371,0.142181,"[0.1386042076894081, 0.3661376610676713]",USD/kg
322110,Treatment,A,1.0,6143826288610.428,5e-06,0.0,"[4.5482672281889505e-06, 4.730120281729412e-06]",USD/kg
322121,Treatment,A,3.0,3786680626914.6626,7e-06,1e-06,"[6.192008622274041e-06, 7.842428047203042e-06]",USD/kg
322122,Treatment,A,2.0,2006229829.849708,0.000847,1.2e-05,"[0.0008301187726720496, 0.0008633093540600705]",USD/kg
322212,Treatment,A,1.0,8992124.883121,0.033178,0.007631,"[0.018221683488414187, 0.04813450243959089]",USD/kg
322214,Treatment,A,5.0,3891469.046647,0.003139,0.000702,"[0.002523718925137845, 0.0037541607268564026]",USD/kg
322221,Treatment,A,4.0,809461832.775706,0.000226,9.1e-05,"[0.0001377026616319932, 0.00031526125370227723]",USD/kg
322222,Treatment,A,6.0,50855894038.8964,4.2e-05,8e-06,"[3.560596607563058e-05, 4.8848124079764425e-05]",USD/kg
322225,Treatment,A,8.0,8642066.168326,0.041733,0.012984,"[0.0327351605516912, 0.050729896102844584]",USD/kg
322226,Treatment,A,1.0,161030512.960489,3e-06,0.0,"[2.3700955837367706e-06, 3.123851236826541e-06]",USD/kg
322291,Treatment,A,1.0,904808169.341325,0.00049,6.9e-05,"[0.0003558060028815279, 0.0006249093510807364]",USD/kg
322299,Treatment,A,2.0,1096207861.044366,1.4e-05,2e-06,"[1.1776287877638327e-05, 1.6820704668781156e-05]",USD/kg
323110,Treatment,A,1.0,4099705540.100047,0.000893,7.1e-05,"[0.0007528214524855504, 0.001032802077124132]",USD/kg
323111,Treatment,A,1.0,783769568.995374,0.010715,0.000536,"[0.009665128973524619, 0.01176526942532957]",USD/kg
323112,Treatment,A,3.0,70685046.327476,0.00333,0.001096,"[0.0020896881886614017, 0.004569538721233429]",USD/kg
323113,Treatment,A,1.0,232040480.822748,0.000143,3.4e-05,"[7.580274497027368e-05, 0.00021045672556709128]",USD/kg
323117,Treatment,A,1.0,260620464.780345,0.000655,0.000144,"[0.000372289474552789, 0.0009367270114577549]",USD/kg
323122,Treatment,A,1.0,305205035.648021,0.000108,5.6e-05,"[-2.071599859525592e-06, 0.00021807394462124857]",USD/kg
324110,Treatment,A,2.0,770357044435.714,0.000287,1.6e-05,"[0.0002645401838004455, 0.0003095478593409327]",USD/kg
324121,Treatment,A,8.0,23288036.172087,0.006656,0.006401,"[0.002220522174963573, 0.011091472252921394]",USD/kg
324191,Treatment,A,11.0,2757894.980339,0.116285,0.02314,"[0.10261032824688669, 0.12996010911247086]",USD/kg
324199,Treatment,A,9.0,84979961.985994,0.012559,0.005651,"[0.00886648087921774, 0.016250836495675745]",USD/kg
325110,Treatment,A,5.0,37829204615.23542,0.000163,2.9e-05,"[0.00013739539981441265, 0.00018849390363028954]",USD/kg
325120,Treatment,A,9.0,2665030447.097291,0.000191,1.1e-05,"[0.00018345914085857843, 0.00019842887604369606]",USD/kg
325131,Treatment,A,5.0,31958698150.085625,5.2e-05,7e-06,"[4.619383451756961e-05, 5.850634996296211e-05]",USD/kg
325132,Treatment,A,2.0,23347061.523737,0.024295,0.001031,"[0.0228660746018467, 0.02572306341864711]",USD/kg
325181,Treatment,A,3.0,325222391.623741,0.001779,3.1e-05,"[0.0017440832446482374, 0.0018138168042118276]",USD/kg
325182,Treatment,A,7.0,26879435629.564514,1.4e-05,0.0,"[1.3925363623802379e-05, 1.4482140473006575e-05]",USD/kg
325188,Treatment,A,1.0,909215612.34916,0.004873,0.000585,"[0.003726838449618757, 0.006019022924643689]",USD/kg
325191,Treatment,A,4.0,122482177535.82396,1e-06,0.0,"[1.116389586796324e-06, 1.531584255889846e-06]",USD/kg
325192,Treatment,A,1.0,27715864.7845,0.116371,0.001164,"[0.11408968796660227, 0.1186513280579358]",USD/kg
325199,Treatment,A,1.0,71132103380.06487,0.000354,1.4e-05,"[0.0003265940250546383, 0.00038215926169259714]",USD/kg
325211,Treatment,A,6.0,381504494796.05536,3.4e-05,3e-06,"[3.112060688503704e-05, 3.641532679179186e-05]",USD/kg
325212,Treatment,A,2.0,20307980391.516106,4.4e-05,3e-06,"[3.969290795549444e-05, 4.831779872264837e-05]",USD/kg
325222,Treatment,A,3.0,1778859.661343,1.542082,0.133548,"[1.3909605848353332, 1.693203069036107]",USD/kg
325311,Treatment,A,2.0,2193956806.967592,0.000501,7e-06,"[0.0004910600166902611, 0.0005106940353233995]",USD/kg
325312,Treatment,A,5.0,22623370094.647312,0.000114,3e-06,"[0.00011137824943512833, 0.0001158314782674708]",USD/kg
325320,Treatment,A,1.0,63096774.522837,0.026822,0.001878,"[0.023142495434522122, 0.030502446180842992]",USD/kg
325411,Treatment,A,1.0,100790045.637293,0.074975,0.003749,"[0.06762743653829603, 0.08232223425025603]",USD/kg
325412,Treatment,A,1.0,77903354.598114,0.05459,0.005459,"[0.043890285365964454, 0.06528903990464162]",USD/kg
325510,Treatment,A,3.0,295223048.530427,0.004003,0.000555,"[0.003375744485223446, 0.004631212227903438]",USD/kg
325520,Treatment,A,3.0,398488553.030783,0.001203,0.000312,"[0.0008490582722326106, 0.0015561875500903855]",USD/kg
325611,Treatment,A,4.0,2440584523.900872,0.000301,0.000132,"[0.00017127519823609334, 0.0004309498805284672]",USD/kg
325613,Treatment,A,5.0,1130628658.218078,0.001447,9.7e-05,"[0.0013615436124672134, 0.0015316609125345677]",USD/kg
325620,Treatment,A,1.0,297504.433654,0.506657,0.116531,"[0.2782601478542418, 0.7350535846068843]",USD/kg
325910,Treatment,A,7.0,19695832396.0042,1e-06,1e-06,"[6.992688987820801e-07, 2.2712258165028216e-06]",USD/kg
325991,Treatment,A,5.0,59916489.094531,0.007584,0.002035,"[0.005800017678968461, 0.009367306859416205]",USD/kg
325992,Treatment,A,4.0,1011375507.167996,0.001751,7e-05,"[0.0016825946823288964, 0.0018198895410122648]",USD/kg
326111,Treatment,A,5.0,1681858.707312,0.132018,0.067896,"[0.07250521652994663, 0.1915301911682757]",USD/kg
326112,Treatment,A,4.0,6337333473.264668,0.000356,4.3e-05,"[0.00031387598371379643, 0.00039753656174924834]",USD/kg
326113,Treatment,A,7.0,989842297.907277,0.001402,0.000334,"[0.0011544230289623873, 0.0016489244348288073]",USD/kg
326121,Treatment,A,8.0,338073134.175983,0.000113,8e-05,"[5.7501632471708914e-05, 0.00016799098446621162]",USD/kg
326122,Treatment,A,24.0,13902306747.170319,7e-06,8e-06,"[3.7664962580488065e-06, 1.0457200061033517e-05]",USD/kg
326150,Treatment,A,7.0,4446174.797364,0.006961,0.004052,"[0.003959630702002203, 0.00996292747308644]",USD/kg
326191,Treatment,A,7.0,247570694660.70804,1e-06,1e-06,"[-4.5145161848725134e-08, 1.5917273907429404e-06]",USD/kg
326192,Treatment,A,2.0,2117458144.946082,0.000182,1.3e-05,"[0.0001637281207501318, 0.00019930468164520735]",USD/kg
326199,Treatment,A,1.0,139026142.483954,0.011395,0.00114,"[0.009161656260084063, 0.013628431352626594]",USD/kg
326211,Treatment,A,2.0,404743699.321705,0.001229,0.000104,"[0.0010845791166251238, 0.0013736630877797136]",USD/kg
326220,Treatment,A,5.0,159240355.447717,0.000359,8.8e-05,"[0.0002813166120854617, 0.00043595822542444844]",USD/kg
326291,Treatment,A,10.0,45853104.206676,0.005788,0.002379,"[0.00431305679567239, 0.0072624389031474695]",USD/kg
326299,Treatment,A,6.0,2806207.631855,0.040643,0.010951,"[0.03188078808072019, 0.04940586940020937]",USD/kg
327121,Treatment,A,13.0,256065270462.54337,1e-06,1e-06,"[7.204124503575986e-07, 2.0001339716586988e-06]",USD/kg
327122,Treatment,A,5.0,20726467566.662155,6e-06,1e-06,"[5.19791895832358e-06, 7.424466911703393e-06]",USD/kg
327212,Treatment,A,6.0,4054971579.108663,0.000213,4.2e-05,"[0.0001793648305985356, 0.0002460721184200596]",USD/kg
327215,Treatment,A,2.0,804511844.862307,0.000129,7.1e-05,"[3.0455899657274357e-05, 0.00022806773397598352]",USD/kg
327310,Treatment,A,18.0,786448678029.6167,7e-06,2e-06,"[5.7536047078077625e-06, 7.893418650007318e-06]",USD/kg
327390,Treatment,A,6.0,1783302.461432,0.0542,0.017259,"[0.04039005209217534, 0.0680098360653834]",USD/kg
327910,Treatment,A,5.0,5017347255.628244,4.1e-05,4e-06,"[3.7425253034527706e-05, 4.37926170447882e-05]",USD/kg
327993,Treatment,A,13.0,163831022496.5008,7e-06,1e-06,"[6.493675214758638e-06, 7.305023808320958e-06]",USD/kg
327999,Treatment,A,24.0,25046339669.65921,4.6e-05,3.9e-05,"[3.0866128803365975e-05, 6.171289156227889e-05]",USD/kg
331111,Treatment,A,6.0,8161435535.912106,0.002503,0.000429,"[0.0021591710176766233, 0.002845846851229039]",USD/kg
331112,Treatment,A,3.0,6211185601.069641,0.000131,2e-06,"[0.0001281887929593044, 0.00013331415658896032]",USD/kg
331210,Treatment,A,3.0,4970896943.33486,2.2e-05,6e-06,"[1.5152838768471223e-05, 2.899841868561873e-05]",USD/kg
331222,Treatment,A,3.0,3507686940.4473,0.000118,2.4e-05,"[9.003332333686303e-05, 0.00014540813734544142]",USD/kg
331312,Treatment,A,5.0,133317249038.08151,4.5e-05,1e-06,"[4.409756267875973e-05, 4.586071247284462e-05]",USD/kg
331314,Treatment,A,13.0,254669947661.63812,3e-06,2e-06,"[2.19561281394385e-06, 3.856199635965818e-06]",USD/kg
331315,Treatment,A,1.0,1748957012.022969,0.000883,3.5e-05,"[0.0008139883955481106, 0.0009524767154480735]",USD/kg
331411,Treatment,A,5.0,2970158.759404,0.03709,0.000829,"[0.0363629027230193, 0.03781679814384947]",USD/kg
331419,Treatment,A,5.0,7108388261.567326,8e-05,7e-06,"[7.361577838699611e-05, 8.614043540016912e-05]",USD/kg
331421,Treatment,A,4.0,19468833199.89623,1.6e-05,2e-06,"[1.4171737408702e-05, 1.8678740104800555e-05]",USD/kg
331422,Treatment,A,6.0,17675202630.604027,3e-06,1e-06,"[2.434226812059176e-06, 4.461547084467832e-06]",USD/kg
331491,Treatment,A,1.0,49027429.813099,0.002383,0.000214,"[0.0019625527013263115, 0.002803219463462101]",USD/kg
331492,Treatment,A,7.0,3098392405.002368,0.000581,6.1e-05,"[0.0005351402025236946, 0.0006261865466285499]",USD/kg
331511,Treatment,A,3.0,423945120942.084,1.7e-05,2e-06,"[1.5353949120422345e-05, 1.9446394306393387e-05]",USD/kg
331513,Treatment,A,3.0,11382634101.976465,6.3e-05,7e-06,"[5.524069288776581e-05, 6.996456007692734e-05]",USD/kg
332112,Treatment,A,4.0,2235378664.791563,0.000204,1.2e-05,"[0.00019220142675918512, 0.0002162159258100947]",USD/kg
332114,Treatment,A,5.0,826938955.113556,4.2e-05,8e-06,"[3.432560464991448e-05, 4.902910529980552e-05]",USD/kg
332115,Treatment,A,5.0,136246613.114137,0.001794,8e-05,"[0.0017234106642980613, 0.0018640359890380103]",USD/kg
332116,Treatment,A,2.0,7726114.129908,0.019761,0.006987,"[0.010078355149432066, 0.02944390846966312]",USD/kg
332117,Treatment,A,5.0,7194385.767782,0.003494,0.002188,"[0.0015765440455386805, 0.005411526923149575]",USD/kg
332212,Treatment,A,2.0,349869507.020415,0.000345,9.3e-05,"[0.00021646160966675085, 0.000473338420726943]",USD/kg
332312,Treatment,A,3.0,7037661425.731459,2e-05,2e-06,"[1.7712479451746346e-05, 2.1561232499975062e-05]",USD/kg
332321,Treatment,A,2.0,153996875.288915,0.002108,0.000298,"[0.0016949497248252223, 0.002521324236052699]",USD/kg
332322,Treatment,A,4.0,22700268.962717,0.016576,0.003978,"[0.012677580842718552, 0.02047490138166642]",USD/kg
332323,Treatment,A,2.0,55763605.703019,0.000746,0.000243,"[0.00040962596205340926, 0.0010820702643812388]",USD/kg
332431,Treatment,A,6.0,991332026.680279,0.002141,0.000524,"[0.0017214391058258782, 0.0025607285424676723]",USD/kg
332439,Treatment,A,9.0,13039629275.04844,5e-06,2e-06,"[3.3327571519400166e-06, 6.108408994928047e-06]",USD/kg
332618,Treatment,A,1.0,25893094.237679,0.002729,0.000873,"[0.0010173835237388387, 0.0044405138622551936]",USD/kg
332811,Treatment,A,1.0,3858247.307461,0.007559,0.000756,"[0.006077136558164689, 0.009040050843680637]",USD/kg
332812,Treatment,A,1.0,5002293622.103078,0.000413,6.2e-05,"[0.00029169915449341706, 0.0005346377362308828]",USD/kg
332813,Treatment,A,1.0,82180992.690406,0.013879,0.001666,"[0.010614856231891946, 0.01714350215746282]",USD/kg
332993,Treatment,A,2.0,48356715005.629074,1e-06,0.0,"[1.3489723881906825e-06, 1.5175189837188045e-06]",USD/kg
332998,Treatment,A,1.0,71416007.658192,0.002148,0.000129,"[0.0018952245412029954, 0.002400378133229945]",USD/kg
332999,Treatment,A,1.0,349114837414.24994,1e-06,0.0,"[3.954008528048256e-07, 8.646263672752809e-07]",USD/kg
333111,Treatment,A,9.0,2338250.83627,0.049249,0.02364,"[0.03380509785863934, 0.06469377760772142]",USD/kg
333131,Treatment,A,1.0,300435.58917,0.004413,0.000971,"[0.002510062640939977, 0.006315632422979148]",USD/kg
333132,Treatment,A,2.0,255537.101514,0.36276,0.143646,"[0.16368111426348728, 0.5618395243409335]",USD/kg
333315,Treatment,A,4.0,1346617.808589,0.013096,0.003929,"[0.009246038549073654, 0.016946504790406488]",USD/kg
333319,Treatment,A,1.0,1872588.842963,0.159026,0.007951,"[0.14344152509236546, 0.17461000200977334]",USD/kg
333415,Treatment,A,2.0,5485707584.361924,3.9e-05,8e-06,"[2.8605897065218733e-05, 5.0241121362025886e-05]",USD/kg
333996,Treatment,A,1.0,15760.192616,0.58963,0.117926,"[0.3584990174735791, 0.8207600954134093]",USD/kg
333999,Treatment,A,4.0,3033867868.038618,1.8e-05,5e-06,"[1.2440591491406667e-05, 2.2801607649119682e-05]",USD/kg
334411,Treatment,A,3.0,157958933.79222,0.001018,7.1e-05,"[0.0009380094157748855, 0.0010975981135394738]",USD/kg
334412,Treatment,A,6.0,377991420868.7544,6e-06,2e-06,"[3.8645030811836525e-06, 7.726581493600579e-06]",USD/kg
334413,Treatment,A,1.0,56442507243.21489,0.0003,4.8e-05,"[0.00020579160571405263, 0.0003938292511168812]",USD/kg
334414,Treatment,A,1.0,3760845916.813893,3.7e-05,3e-06,"[3.227196662122145e-05, 4.253534057288215e-05]",USD/kg
334418,Treatment,A,1.0,57446453.836677,0.00119,0.000773,"[-0.0003259590185447723, 0.0027054252247854407]",USD/kg
334419,Treatment,A,1.0,55386832.089538,0.001747,0.000262,"[0.0012333477957064951, 0.002260528573101334]",USD/kg
334513,Treatment,A,1.0,742136.90574,0.000186,5.6e-05,"[7.65429043944621e-05, 0.00029501484861988944]",USD/kg
334613,Treatment,A,2.0,3961492.058822,0.061703,0.002618,"[0.05807501460615722, 0.06533116460804306]",USD/kg
335110,Treatment,A,1.0,80044230.342578,0.001068,0.000203,"[0.0006703624039511367, 0.0014658871015948453]",USD/kg
335122,Treatment,A,9.0,259429723.71488,8.4e-05,6.3e-05,"[4.306302918114136e-05, 0.00012580861369103558]",USD/kg
335911,Treatment,A,2.0,15285878261.316647,3.7e-05,6e-06,"[2.8660156581623186e-05, 4.441483533832515e-05]",USD/kg
335912,Treatment,A,1.0,6765543039.580935,2e-06,0.0,"[1.7617475831180037e-06, 1.905501089532968e-06]",USD/kg
335932,Treatment,A,1.0,883529.063235,0.136026,0.024485,"[0.08803688398157111, 0.1840150386229102]",USD/kg
335991,Treatment,A,10.0,2190853329.211439,0.000306,4.8e-05,"[0.00027579720008968597, 0.00033572530430738586]",USD/kg
335999,Treatment,A,3.0,1112305.507971,0.049774,0.036209,"[0.008800796669575173, 0.09074720970435644]",USD/kg
336111,Treatment,A,6.0,9748343806.827515,0.00041,5e-05,"[0.0003693906557656821, 0.00044965572629058825]",USD/kg
336112,Treatment,A,3.0,27236577688.158012,0.00084,0.000116,"[0.0007081439941677618, 0.0009715086966035702]",USD/kg
336120,Treatment,A,2.0,1391553590.218262,0.000246,3.8e-05,"[0.00019269069349492753, 0.0002986140497324589]",USD/kg
336211,Treatment,A,7.0,11961243032.23044,1.4e-05,1.2e-05,"[4.971889402938075e-06, 2.3180557401083618e-05]",USD/kg
336214,Treatment,A,9.0,14870360336.409521,4e-06,3e-06,"[1.3075406380254237e-06, 5.706945505935209e-06]",USD/kg
336311,Treatment,A,4.0,6684295.828413,0.036677,0.005135,"[0.03164504812407489, 0.04170904473226756]",USD/kg
336312,Treatment,A,3.0,372097640.992152,0.00488,0.001014,"[0.0037323791856784558, 0.006027971479246622]",USD/kg
336321,Treatment,A,11.0,11057206390.893188,1.5e-05,0.0,"[1.4558884401518276e-05, 1.5140991268095887e-05]",USD/kg
336330,Treatment,A,2.0,17862184.906146,0.007683,0.001847,"[0.005123035339369661, 0.010242856380932525]",USD/kg
336340,Treatment,A,6.0,4652437.73887,0.053295,0.033942,"[0.026136221429759715, 0.08045318467593567]",USD/kg
336350,Treatment,A,4.0,3559745533.699622,0.000376,6e-05,"[0.0003170113169485727, 0.0004349104897786194]",USD/kg
336391,Treatment,A,4.0,88308991.986636,0.002495,5e-05,"[0.002446252690723986, 0.0025440610426129464]",USD/kg
336399,Treatment,A,2.0,719925900.527584,0.000952,0.000162,"[0.0007280986460970994, 0.0011759142505113904]",USD/kg
336411,Treatment,A,12.0,562030656.685836,0.000841,0.000262,"[0.0006926819162285378, 0.0009893947959959577]",USD/kg
336412,Treatment,A,2.0,242894226950.03888,1e-06,1e-06,"[5.549699088346851e-07, 2.0166541838072605e-06]",USD/kg
336413,Treatment,A,12.0,2484354926.252497,0.000234,6.5e-05,"[0.00019753687200341078, 0.0002710024947351541]",USD/kg
336415,Treatment,A,1.0,8542277.571453,0.020264,0.000203,"[0.019866849638584056, 0.02066118451156915]",USD/kg
336611,Treatment,A,7.0,84834586.415529,0.00455,0.000481,"[0.004192924782290943, 0.004906290122315707]",USD/kg
337110,Treatment,A,5.0,341155919.089934,0.003123,0.000698,"[0.0025108650323136046, 0.0037350399051407474]",USD/kg
337211,Treatment,A,6.0,386400678.594872,0.000395,0.000203,"[0.0002324301053145985, 0.0005576008862387585]",USD/kg
337214,Treatment,A,4.0,61805053.07461,0.000829,0.000398,"[0.00043920874353685737, 0.0012194074771494342]",USD/kg
339111,Treatment,A,1.0,399240994.55322,2.9e-05,3e-06,"[2.304846301242442e-05, 3.57183564780207e-05]",USD/kg
339112,Treatment,A,3.0,352391301.400503,0.000392,8.8e-05,"[0.000292163392865259, 0.0004919524344194106]",USD/kg
339113,Treatment,A,8.0,502189475.509388,0.000326,0.000129,"[0.00023631813675034893, 0.0004150503709585843]",USD/kg
339115,Treatment,A,1.0,3176523.152412,0.002113,0.000148,"[0.0018233384389815905, 0.002403210265801082]",USD/kg
339920,Treatment,A,6.0,104352109.457896,0.000717,0.000193,"[0.0005627421034565367, 0.0008720851818022155]",USD/kg
339944,Treatment,A,5.0,5054831688.980224,1.1e-05,2e-06,"[8.457694669790707e-06, 1.2581252552653712e-05]",USD/kg
339991,Treatment,A,3.0,3843786558.222169,4.8e-05,1.1e-05,"[3.543430282942984e-05, 5.96652146182187e-05]",USD/kg
339992,Treatment,A,4.0,739655.455152,0.037322,0.014182,"[0.023423711895903254, 0.05122082762591969]",USD/kg
311615,Treatment,S,4.0,89755838.830798,0.040483,0.008097,"[0.03254848028353485, 0.04841752589093587]",USD/kg
321219,Treatment,S,1.0,990508621.411873,0.000809,7.3e-05,"[0.0006660030450487302, 0.0009512879309401083]",USD/kg
322110,Treatment,S,1.0,11387578452.95065,0.001624,1.6e-05,"[0.0015917066722022039, 0.0016553477698243318]",USD/kg
322121,Treatment,S,3.0,184454313.981854,0.161283,0.016761,"[0.14231617493490314, 0.18024916145388778]",USD/kg
324110,Treatment,S,1.0,17301.3808,2818.402701,112.736108,"[2597.44398973998, 3039.3614128146987]",USD/kg
324121,Treatment,S,1.0,185.213089,547.055426,185.998845,"[182.50438893797093, 911.6064630046245]",USD/kg
325188,Treatment,S,3.0,268493807.029129,0.022372,0.00465,"[0.01711009058665324, 0.027633617307541505]",USD/kg
325199,Treatment,S,1.0,2661576.320612,7.637991,0.30552,"[7.039183166676046, 8.23679809036871]",USD/kg
325211,Treatment,S,5.0,24389044132564.117,1e-06,0.0,"[5.138820896833294e-07, 6.013116742033953e-07]",USD/kg
325320,Treatment,S,1.0,288299358.790521,0.015941,0.001116,"[0.013754087454187892, 0.01812826596530933]",USD/kg
325510,Treatment,S,9.0,24921554.91082,0.037941,0.009106,"[0.031991583838328085, 0.04388952271435203]",USD/kg
325520,Treatment,S,11.0,2638196499.52109,0.000241,0.00012,"[0.00017045506667987605, 0.0003124167813824422]",USD/kg
325992,Treatment,S,4.0,4507519.279476,0.291973,0.011679,"[0.280528064273743, 0.3034183428094349]",USD/kg
325998,Treatment,S,3.0,37233477.278259,0.044208,0.00536,"[0.03814310203594037, 0.0502736587034655]",USD/kg
326121,Treatment,S,9.0,446042.360663,0.083376,0.062532,"[0.042522317925276214, 0.12422892608426306]",USD/kg
326130,Treatment,S,4.0,1217278.090856,0.142758,0.014276,"[0.1287676368528419, 0.15674761764552084]",USD/kg
327111,Treatment,S,4.0,14576.893889,6.81646,0.272658,"[6.5492597943327615, 7.0836604479108525]",USD/kg
327993,Treatment,S,7.0,9643.119053,79.666599,6.32334,"[74.98228919603089, 84.35090910221511]",USD/kg
331511,Treatment,S,2.0,6182461.098189,0.849872,0.072114,"[0.7499288928278333, 0.9498151151412649]",USD/kg
331513,Treatment,S,3.0,1021761.218053,0.699464,0.07269,"[0.6172087512431013, 0.7817197160087934]",USD/kg
331524,Treatment,S,2.0,76112023.256836,0.001126,8e-05,"[0.0010160347542412871, 0.0012368094271573884]",USD/kg
332111,Treatment,S,3.0,8687087.677577,0.003581,0.000992,"[0.0024578567129395264, 0.004703670323436686]",USD/kg
332992,Treatment,S,6.0,1905493.184264,0.194828,0.004772,"[0.19100972934719473, 0.1986468581250383]",USD/kg
333611,Treatment,S,3.0,1517025.695975,0.084133,0.020401,"[0.061047084290855064, 0.10721824117810519]",USD/kg
336415,Treatment,S,7.0,781784.359979,0.387906,0.010263,"[0.38030321767087827, 0.39550885488060106]",USD/kg
336612,Treatment,S,9.0,259836.028206,0.398187,0.262803,"[0.2264919495009334, 0.5698821521347271]",USD/kg
322110,Energy recovery,L,1.0,212343280.628187,0.014639,0.000146,"[0.014352331019405246, 0.014926179276413138]",USD/kg
322121,Energy recovery,L,1.0,12682486.193662,1.058735,0.063524,"[0.9342299076509237, 1.1832397655167954]",USD/kg
322221,Energy recovery,L,1.0,11566819.781194,0.002715,0.000543,"[0.0016508921410948137, 0.003779609776314346]",USD/kg
322222,Energy recovery,L,1.0,245239.863631,0.966109,0.077289,"[0.8146262285373559, 1.11759256877623]",USD/kg
324110,Energy recovery,L,1.0,163867688.693957,0.965736,0.038629,"[0.8900236863071946, 1.0414483081592758]",USD/kg
325110,Energy recovery,L,1.0,8239039.389855,0.021749,0.00174,"[0.018338422541091064, 0.025158635994080396]",USD/kg
325120,Energy recovery,L,1.0,5260796.560322,0.002584,5.2e-05,"[0.002483136560688726, 0.0026857533208459556]",USD/kg
325132,Energy recovery,L,1.0,402255.36709,0.404917,0.012148,"[0.3811080802375659, 0.4287254147468772]",USD/kg
325181,Energy recovery,L,1.0,30514001.279222,0.00082,8e-06,"[0.000803783236864429, 0.0008359208463484337]",USD/kg
325182,Energy recovery,L,1.0,416468134.526668,2e-06,0.0,"[1.6250222731209314e-06, 1.6899954261069259e-06]",USD/kg
325188,Energy recovery,L,1.0,1217235.765918,1.718631,0.206236,"[1.314416273238676, 2.1228453521932598]",USD/kg
325192,Energy recovery,L,1.0,26896305.197242,0.000951,1e-05,"[0.0009324483480167595, 0.0009697303657277389]",USD/kg
325199,Energy recovery,L,2.0,96347136.233237,0.433741,0.024536,"[0.39973655706324374, 0.46774593470677583]",USD/kg
325211,Energy recovery,L,1.0,78504726.148726,0.034852,0.001394,"[0.03211919455074601, 0.03758380966590086]",USD/kg
325221,Energy recovery,L,1.0,2047976.34537,0.0027,2.7e-05,"[0.002646642150616627, 0.002752462660400125]",USD/kg
325320,Energy recovery,L,1.0,1921640.541465,0.117449,0.008221,"[0.1013357096645503, 0.1335632554832263]",USD/kg
325412,Energy recovery,L,1.0,985263.452188,1.126005,0.112601,"[0.9053121170712525, 1.3466979866906081]",USD/kg
325520,Energy recovery,L,1.0,5615694.292939,0.036519,0.005478,"[0.025782696978961947, 0.04725554577180002]",USD/kg
325998,Energy recovery,L,1.0,18257740832.282303,0.000115,8e-06,"[9.882032282135833e-05, 0.00013024790636603428]",USD/kg
326140,Energy recovery,L,1.0,1469415.647791,0.008393,0.001846,"[0.004773880512808062, 0.01201168212233469]",USD/kg
327310,Energy recovery,L,1.0,18224617.622911,0.000356,2.8e-05,"[0.00029977298438678553, 0.0004112610764719335]",USD/kg
327420,Energy recovery,L,1.0,32175.645573,0.187656,0.009383,"[0.16926647703856815, 0.20604646999437612]",USD/kg
327992,Energy recovery,L,1.0,12824848.481738,0.006084,0.001217,"[0.0036990158130084613, 0.008468655208641637]",USD/kg
331315,Energy recovery,L,1.0,11238436195.529722,2.7e-05,1e-06,"[2.5140147295286963e-05, 2.9417378739867308e-05]",USD/kg
334419,Energy recovery,L,1.0,249397.103144,0.158138,0.023721,"[0.11164628164969648, 0.20462971647432848]",USD/kg
311111,Energy recovery,A,2.0,14587621653.263298,4e-06,1e-06,"[2.7552084286614353e-06, 5.272720762179058e-06]",USD/kg
311119,Energy recovery,A,1.0,1228635.003226,0.004684,0.001077,"[0.002572359947992089, 0.0067951606266708885]",USD/kg
311411,Energy recovery,A,1.0,3206514.952304,0.006001,0.00048,"[0.0050601747459370775, 0.006942096257963903]",USD/kg
311513,Energy recovery,A,1.0,31504800.097127,0.007394,0.001257,"[0.004930213243192183, 0.009857333169129096]",USD/kg
311999,Energy recovery,A,1.0,363629.738677,0.093944,0.022547,"[0.04975371959361259, 0.13813490414576912]",USD/kg
312111,Energy recovery,A,1.0,425260589.454976,2.8e-05,2e-06,"[2.2844427335472896e-05, 3.26299229035561e-05]",USD/kg
313311,Energy recovery,A,3.0,2756880796.971697,9.9e-05,2.2e-05,"[7.359799185227384e-05, 0.00012392624176843405]",USD/kg
313320,Energy recovery,A,1.0,92978605.121686,0.005219,0.000418,"[0.004400613964433274, 0.006037239279091056]",USD/kg
314992,Energy recovery,A,1.0,5544535352.910238,2e-05,0.0,"[2.0086436602102206e-05, 2.088955120543955e-05]",USD/kg
321212,Energy recovery,A,1.0,414790507.084129,0.000143,9e-06,"[0.00012645882137692107, 0.00016016518517352827]",USD/kg
321219,Energy recovery,A,1.0,218217617.389484,0.001253,0.000113,"[0.0010318300726547551, 0.0014738183289022414]",USD/kg
322110,Energy recovery,A,1.0,91593412.101373,0.021146,0.000211,"[0.020731202946423735, 0.021560097197845143]",USD/kg
322121,Energy recovery,A,1.0,93216300431.6109,9.8e-05,6e-06,"[8.628195655046504e-05, 0.00010927956940899979]",USD/kg
322122,Energy recovery,A,1.0,2219936898.74399,1e-06,0.0,"[1.357833528767257e-06, 1.4121236926950856e-06]",USD/kg
322130,Energy recovery,A,1.0,624056546.336728,0.002456,9.8e-05,"[0.002263138443788436, 0.002648178626787891]",USD/kg
322221,Energy recovery,A,4.0,48513457.847118,0.00275,0.0011,"[0.0016720807536471554, 0.0038281197214257556]",USD/kg
322222,Energy recovery,A,2.0,9761688.906444,0.263109,0.029767,"[0.22185391503272073, 0.30436325041934503]",USD/kg
322299,Energy recovery,A,1.0,426515416.88635,0.000148,1.3e-05,"[0.00012194864075620346, 0.0001741857954079463]",USD/kg
323110,Energy recovery,A,1.0,221865771.897749,0.021569,0.001726,"[0.018187050617380976, 0.024950967579863606]",USD/kg
323111,Energy recovery,A,1.0,42260136.283873,0.067356,0.003368,"[0.06075504012229048, 0.07395653156243263]",USD/kg
324110,Energy recovery,A,1.0,396990235.872084,0.101146,0.004046,"[0.09321671688933468, 0.1090761893083508]",USD/kg
324191,Energy recovery,A,5.0,439587078.821693,0.000431,5.8e-05,"[0.00038044351039863487, 0.0004818470125500078]",USD/kg
324199,Energy recovery,A,1.0,4558794.338305,0.003086,0.000463,"[0.0021785468121033064, 0.003992926677894102]",USD/kg
325110,Energy recovery,A,1.0,16779913.478802,0.025323,0.002026,"[0.021352206467020143, 0.029293271488892644]",USD/kg
325120,Energy recovery,A,1.0,114489158.288369,0.000316,6e-06,"[0.00030375511305965095, 0.00032854065158527634]",USD/kg
325181,Energy recovery,A,1.0,1948545.79889,0.006419,6.4e-05,"[0.0062935761458279916, 0.006545211764930337]",USD/kg
325182,Energy recovery,A,1.0,134209226.363386,5e-05,1e-06,"[4.930589940551393e-05, 5.127729376617947e-05]",USD/kg
325188,Energy recovery,A,1.0,18359894.983438,0.678056,0.081367,"[0.5185799800120865, 0.8375315512464239]",USD/kg
325191,Energy recovery,A,1.0,12036815.128284,0.002494,0.000199,"[0.0021026779689527365, 0.0028846815758072726]",USD/kg
325192,Energy recovery,A,1.0,12207830.315489,0.000964,1e-05,"[0.000945166990545353, 0.0009829575368595727]",USD/kg
325193,Energy recovery,A,1.0,30542050.834177,0.007554,0.00068,"[0.0062215462197452755, 0.008886568724617004]",USD/kg
325199,Energy recovery,A,1.0,6813367.076128,0.585132,0.023405,"[0.5392588493795557, 0.6310059215125364]",USD/kg
325211,Energy recovery,A,1.0,53405459336.808685,6.2e-05,2e-06,"[5.705247264298961e-05, 6.675912340813461e-05]",USD/kg
325212,Energy recovery,A,1.0,513755366.657871,0.000339,1.7e-05,"[0.00030574633547491144, 0.0003721821015035802]",USD/kg
325221,Energy recovery,A,1.0,7535827.629883,0.000154,2e-06,"[0.00015081372527331295, 0.00015684370000452173]",USD/kg
325222,Energy recovery,A,1.0,32687603.072983,0.018906,0.000945,"[0.017052809639131365, 0.0207582227213749]",USD/kg
325311,Energy recovery,A,2.0,13675916.29366,0.064102,0.000907,"[0.06284598113240498, 0.06535874764287779]",USD/kg
325320,Energy recovery,A,1.0,120923684.089404,0.000817,5.7e-05,"[0.0007045330212765742, 0.0009285939204316914]",USD/kg
325411,Energy recovery,A,1.0,28774010.017257,0.014732,0.000737,"[0.013288493326127549, 0.016175956334038493]",USD/kg
325412,Energy recovery,A,3.0,21702685.324632,0.174362,0.0302,"[0.140187516770125, 0.20853608720518704]",USD/kg
325510,Energy recovery,A,2.0,419674076.830679,0.002531,0.000286,"[0.00213423606298681, 0.002927976390216265]",USD/kg
325520,Energy recovery,A,1.0,5580706.629341,0.061959,0.009294,"[0.04374372176557555, 0.08017522169262473]",USD/kg
325611,Energy recovery,A,1.0,13628559.320443,0.004169,0.000917,"[0.002371246242551629, 0.005966352953931983]",USD/kg
325613,Energy recovery,A,1.0,1754070.835746,0.060171,0.001805,"[0.056632956854559775, 0.06370892976259665]",USD/kg
325992,Energy recovery,A,1.0,63393100.879235,0.009896,0.000198,"[0.009507689668807532, 0.010283489642023596]",USD/kg
325998,Energy recovery,A,2.0,60379331.001639,0.026546,0.002628,"[0.02290427790431236, 0.03018846891702046]",USD/kg
326112,Energy recovery,A,1.0,471897.601971,1.021782,0.061307,"[0.9016225455814033, 1.1419412295426326]",USD/kg
326113,Energy recovery,A,1.0,230248990.89172,0.008492,0.000764,"[0.006994227841114498, 0.00999023139753165]",USD/kg
326130,Energy recovery,A,1.0,173275054.421016,0.001047,5.2e-05,"[0.0009442513702424538, 0.0011494281976547488]",USD/kg
326140,Energy recovery,A,3.0,4576779.996985,0.013848,0.005277,"[0.00787674161412777, 0.0198188698219042]",USD/kg
326150,Energy recovery,A,9.0,2534916511.080432,1e-05,7e-06,"[5.7334014465974e-06, 1.4425957137279263e-05]",USD/kg
326211,Energy recovery,A,7.0,3598031865.837754,0.000137,2.2e-05,"[0.00012059371842508718, 0.00015273679631054522]",USD/kg
326220,Energy recovery,A,1.0,837887483.097082,6.6e-05,7e-06,"[5.186642580444901e-05, 8.037774515053236e-05]",USD/kg
326291,Energy recovery,A,3.0,460389.005935,0.244206,0.054987,"[0.18198316464879427, 0.306428057239913]",USD/kg
326299,Energy recovery,A,1.0,3702714.889923,0.002262,0.000249,"[0.0017746979600292167, 0.002750261236203442]",USD/kg
327310,Energy recovery,A,1.0,882706960.149446,0.000194,1.6e-05,"[0.00016360361528267142, 0.00022444917467625379]",USD/kg
327999,Energy recovery,A,1.0,33536.357058,0.465473,0.07913,"[0.3103802071370619, 0.6205656753443711]",USD/kg
331111,Energy recovery,A,1.0,2428174.747179,1.107983,0.077559,"[0.9559701268350072, 1.2599949485473703]",USD/kg
331210,Energy recovery,A,2.0,92568349.522553,0.001645,0.000372,"[0.0011291212867806206, 0.002160831532705105]",USD/kg
331221,Energy recovery,A,1.0,115386873.037239,0.000148,4e-06,"[0.00013899688064033993, 0.00015636376763228217]",USD/kg
331312,Energy recovery,A,1.0,82617831723.35399,3.2e-05,0.0,"[3.135241700760235e-05, 3.2605978525133647e-05]",USD/kg
331314,Energy recovery,A,1.0,2880375936.917376,9.6e-05,1.3e-05,"[6.93240356756163e-05, 0.00012175521997241791]",USD/kg
331422,Energy recovery,A,1.0,3768067057.545984,1e-05,2e-06,"[7.186187740123571e-06, 1.3171128837113217e-05]",USD/kg
332322,Energy recovery,A,1.0,3066957.54605,0.012094,0.001451,"[0.0092492394427055, 0.01493796551520982]",USD/kg
332439,Energy recovery,A,1.0,1449580454.461348,1.5e-05,2e-06,"[1.0548670475599693e-05, 1.9334020056089827e-05]",USD/kg
332812,Energy recovery,A,1.0,5360555.32678,0.05647,0.008471,"[0.039868268580542, 0.07307213796475653]",USD/kg
332813,Energy recovery,A,1.0,1036428.5878,0.126338,0.015161,"[0.09662419991937238, 0.1560527192826271]",USD/kg
332999,Energy recovery,A,1.0,61957144.645635,0.00083,0.000158,"[0.000520830362043692, 0.0011389041290783247]",USD/kg
333613,Energy recovery,A,1.0,5702530.949831,0.000916,0.000211,"[0.0005028525644322158, 0.001328338185920467]",USD/kg
334412,Energy recovery,A,1.0,4265411.600519,0.06489,0.011031,"[0.04326875046543813, 0.08651035322633963]",USD/kg
334413,Energy recovery,A,1.0,12169.3383,212.927739,34.068438,"[146.15482732784028, 279.7006515106358]",USD/kg
334419,Energy recovery,A,1.0,175962124.534281,6.8e-05,1e-05,"[4.79515369087926e-05, 8.788747155003171e-05]",USD/kg
335991,Energy recovery,A,1.0,864785.624275,0.6695,0.033475,"[0.6038901302516428, 0.735109702640312]",USD/kg
336111,Energy recovery,A,1.0,274825773.93648,0.009394,0.00047,"[0.008472965540659957, 0.01031406023556088]",USD/kg
336312,Energy recovery,A,1.0,2168183.763537,0.353307,0.042397,"[0.27021061537488406, 0.4364031096088646]",USD/kg
336413,Energy recovery,A,1.0,1397518651.632034,0.000624,5e-05,"[0.0005262932749933842, 0.0007220261667557384]",USD/kg
339112,Energy recovery,A,2.0,18556.993495,9.930112,1.825629,"[7.399966182529431, 12.460258427364218]",USD/kg
339944,Energy recovery,A,1.0,35661697.079943,0.000992,9.9e-05,"[0.0007979075440842339, 0.0011869282018003896]",USD/kg
339999,Energy recovery,A,1.0,126587069.717545,0.000644,9.7e-05,"[0.0004546254065814553, 0.0008332554087442142]",USD/kg
313320,Energy recovery,S,1.0,251739403.93129,0.00058,4.6e-05,"[0.0004892542094685715, 0.0006712119614983534]",USD/kg
322110,Energy recovery,S,1.0,1096352140001.3599,1e-06,0.0,"[1.1234356212002412e-06, 1.1683538698258257e-06]",USD/kg
322121,Energy recovery,S,1.0,39658944939.26776,0.000168,1e-05,"[0.00014826514565474666, 0.00018778377221936125]",USD/kg
322130,Energy recovery,S,1.0,10149037302.941683,0.000136,5e-06,"[0.00012492103365874924, 0.00014617453575556676]",USD/kg
324110,Energy recovery,S,1.0,207326.014548,34.419564,1.376783,"[31.721119729389642, 37.11800818713067]",USD/kg
324121,Energy recovery,S,1.0,37.344898,245.494716,83.468203,"[81.90004325571303, 409.0893878592792]",USD/kg
325182,Energy recovery,S,1.0,1364922098.362228,1e-06,0.0,"[9.365687058356507e-07, 9.740154675278985e-07]",USD/kg
325199,Energy recovery,S,1.0,23818080.455321,0.134988,0.0054,"[0.12440550954506571, 0.14557130269079446]",USD/kg
325211,Energy recovery,S,2.0,4290174.750701,2.254204,0.127517,"[2.0774780983073993, 2.4309308662302516]",USD/kg
325412,Energy recovery,S,1.0,996226.376115,1.381396,0.13814,"[1.1106476062454123, 1.6521450083891018]",USD/kg
325991,Energy recovery,S,1.0,186076522.496382,0.000201,2.4e-05,"[0.0001540670356220594, 0.00024882565527784933]",USD/kg
326112,Energy recovery,S,1.0,523881902.757838,0.000601,3.6e-05,"[0.0005305411447201248, 0.0006719517053935026]",USD/kg
326113,Energy recovery,S,1.0,3062002773.979602,0.00041,3.7e-05,"[0.0003376060638659104, 0.00048222087925189173]",USD/kg
327310,Energy recovery,S,1.0,17524733.145926,0.000454,3.6e-05,"[0.00038310831883151436, 0.0005255895221188808]",USD/kg
327992,Energy recovery,S,1.0,50634110.647537,0.00044,8.8e-05,"[0.0002676869504242281, 0.000612851796692319]",USD/kg
331315,Energy recovery,S,1.0,8059431700.445085,0.000155,6e-06,"[0.00014268822400826495, 0.00016696455585831304]",USD/kg
311119,Recycling,W,1.0,41800491.467574,3.4e-05,8e-06,"[1.8707370277603635e-05, 4.941749541628161e-05]",USD/kg
311221,Recycling,W,1.0,63464263631.0956,3e-06,0.0,"[2.8317862750828754e-06, 3.586571250483589e-06]",USD/kg
311411,Recycling,W,1.0,1194919049.704088,0.00014,1.1e-05,"[0.00011822823111290329, 0.00016219830381422628]",USD/kg
311412,Recycling,W,1.0,33468471.792834,0.013976,0.002516,"[0.009045337193302864, 0.018906599117380164]",USD/kg
311511,Recycling,W,2.0,94444849550.66072,4e-06,1e-06,"[3.0054300018620237e-06, 4.470730542899148e-06]",USD/kg
311513,Recycling,W,1.0,31772353.881924,0.015191,0.002582,"[0.010129403783732015, 0.020252452171061433]",USD/kg
311514,Recycling,W,1.0,27134931.006572,0.002711,0.000678,"[0.0013825012592796246, 0.004038976592298113]",USD/kg
311615,Recycling,W,3.0,259618101.985963,0.00257,0.000445,"[0.0020666088577464973, 0.0030741861679789506]",USD/kg
311999,Recycling,W,1.0,1383820232.568797,0.000199,4.8e-05,"[0.00010563713953307618, 0.0002932881453451787]",USD/kg
313230,Recycling,W,1.0,158506442746.4039,1e-06,0.0,"[1.0472543962108118e-06, 1.6229371054750184e-06]",USD/kg
313312,Recycling,W,2.0,174246688.361218,0.000111,1.3e-05,"[9.362312626834395e-05, 0.00012844235370491972]",USD/kg
313320,Recycling,W,1.0,132351562368.03304,1e-06,0.0,"[5.277952678023881e-07, 7.24086763312655e-07]",USD/kg
314992,Recycling,W,1.0,711196232.132473,6e-06,0.0,"[6.1473871208957065e-06, 6.393177674340241e-06]",USD/kg
316110,Recycling,W,1.0,109118532.564888,0.004722,0.000567,"[0.0036110332786389227, 0.00583199201671925]",USD/kg
321113,Recycling,W,1.0,5170542085.789167,2.3e-05,2e-06,"[1.8621582323457073e-05, 2.7700554263120866e-05]",USD/kg
321114,Recycling,W,1.0,7777578512.161081,1e-06,0.0,"[6.81973858860531e-07, 1.1483255885913274e-06]",USD/kg
321211,Recycling,W,1.0,527630.66665,0.282139,0.036678,"[0.21025154576424349, 0.3540271036860038]",USD/kg
321213,Recycling,W,1.0,12909798.710052,5e-06,1e-06,"[2.8590722326131976e-06, 7.937852124900356e-06]",USD/kg
321219,Recycling,W,1.0,32886295.109224,0.000685,6.2e-05,"[0.000564406655583468, 0.0008061723494965982]",USD/kg
321999,Recycling,W,1.0,5974068593.380121,1.3e-05,3e-06,"[6.981790931988625e-06, 1.8443138520225027e-05]",USD/kg
322110,Recycling,W,1.0,1492971080.439257,0.002082,2.1e-05,"[0.002041312851435503, 0.0021229305217791046]",USD/kg
322121,Recycling,W,1.0,845447413636.5355,1.6e-05,1e-06,"[1.4014304987373684e-05, 1.7749681113117274e-05]",USD/kg
322122,Recycling,W,1.0,3277043763.866158,3e-06,0.0,"[2.565038722067177e-06, 2.6675964876193955e-06]",USD/kg
322130,Recycling,W,1.0,34979367638.126305,0.0003,1.2e-05,"[0.00027673470897242097, 0.0003238171061087946]",USD/kg
322221,Recycling,W,1.0,208062960.012748,0.001308,0.000262,"[0.0007954374991119235, 0.001821102223005733]",USD/kg
322222,Recycling,W,1.0,7350029136.015683,3.2e-05,3e-06,"[2.718068479730449e-05, 3.728940989078842e-05]",USD/kg
323110,Recycling,W,1.0,356314755276.85065,1e-06,0.0,"[1.054493738873815e-06, 1.4466688219729922e-06]",USD/kg
323111,Recycling,W,1.0,60508973.197602,0.00582,0.000291,"[0.005250060045217779, 0.006390848078731827]",USD/kg
324110,Recycling,W,1.0,2653796528.747447,0.004438,0.000178,"[0.004090012435513205, 0.004785868732313078]",USD/kg
324121,Recycling,W,1.0,1181800.755158,0.013299,0.004522,"[0.004436641609709175, 0.022160952889854875]",USD/kg
324122,Recycling,W,1.0,2791389160.027273,3.2e-05,2e-06,"[2.776075420955112e-05, 3.658943840400627e-05]",USD/kg
324191,Recycling,W,1.0,30834457807.28583,1e-06,0.0,"[6.706109880860855e-07, 8.493557975372121e-07]",USD/kg
324199,Recycling,W,1.0,1912296060.339558,3e-06,0.0,"[2.0513587980514422e-06, 3.7598114601743834e-06]",USD/kg
325110,Recycling,W,1.0,15769021853.805698,1.1e-05,1e-06,"[9.581506517310637e-06, 1.3144949310868333e-05]",USD/kg
325120,Recycling,W,1.0,19335002339.05822,4e-05,1e-06,"[3.861927884500625e-05, 4.1770500281258424e-05]",USD/kg
325131,Recycling,W,1.0,93316922.371347,0.000557,3.3e-05,"[0.0004917627908021481, 0.0006228373599617583]",USD/kg
325132,Recycling,W,2.0,19316914.266558,0.036791,0.001561,"[0.034628173918513985, 0.03895477161199934]",USD/kg
325181,Recycling,W,1.0,10465015827.70838,0.000169,2e-06,"[0.00016581595005359516, 0.00017244575769903686]",USD/kg
325188,Recycling,W,1.0,290421594.797489,0.049359,0.005923,"[0.03774964778814081, 0.06096749255586537]",USD/kg
325191,Recycling,W,1.0,6409119332.745205,4e-06,0.0,"[3.5093022836050936e-06, 4.814441293878201e-06]",USD/kg
325192,Recycling,W,1.0,123496831.643249,0.000207,2e-06,"[0.00020307739895199407, 0.0002111970285277567]",USD/kg
325193,Recycling,W,1.0,50176797.131335,0.001652,0.000149,"[0.0013603732726606209, 0.0019430942327911707]",USD/kg
325199,Recycling,W,1.0,4786170889.239659,0.010445,0.000418,"[0.00962623450232102, 0.011263998689723]",USD/kg
325211,Recycling,W,1.0,248017516887.35043,1.1e-05,0.0,"[1.0166655178106743e-05, 1.1896364105554274e-05]",USD/kg
325222,Recycling,W,1.0,29388898933.61264,2.4e-05,1e-06,"[2.1709630001855956e-05, 2.642692578606208e-05]",USD/kg
325311,Recycling,W,4.0,93735647043.14792,5e-06,0.0,"[5.158986878088666e-06, 5.365258293088432e-06]",USD/kg
325312,Recycling,W,1.0,2113537619.643278,4e-05,0.0,"[3.9319213142807075e-05, 4.0891310518377265e-05]",USD/kg
325314,Recycling,W,1.0,91081577.218302,0.000289,5.8e-05,"[0.00017573568890988256, 0.0004023353866174724]",USD/kg
325320,Recycling,W,1.0,531007897.35096,0.000425,3e-05,"[0.0003667192314105759, 0.0004833460441303606]",USD/kg
325411,Recycling,W,1.0,122866784.2863,0.004395,0.00022,"[0.0039646214799757985, 0.0048260959588989315]",USD/kg
325412,Recycling,W,1.0,305630115671.676,4e-06,0.0,"[2.918465478483969e-06, 4.341366375184692e-06]",USD/kg
325510,Recycling,W,1.0,15555310.954694,0.029049,0.002324,"[0.02449421501759856, 0.033603819423818106]",USD/kg
325520,Recycling,W,1.0,3917449910.230982,5.2e-05,8e-06,"[3.695969255489021e-05, 6.774118489870992e-05]",USD/kg
325611,Recycling,W,1.0,536553129969.7792,3e-06,1e-06,"[1.6673742033075488e-06, 4.195322621791095e-06]",USD/kg
325612,Recycling,W,2.0,26096301.217917,0.004266,0.001749,"[0.0018411213254169016, 0.006690281697605998]",USD/kg
325613,Recycling,W,1.0,1251530765.711824,9e-05,3e-06,"[8.443302996496237e-05, 9.498246735545308e-05]",USD/kg
325620,Recycling,W,1.0,22871.600566,10.740071,2.470216,"[5.898535844095666, 15.58160573682244]",USD/kg
325910,Recycling,W,1.0,191934.865176,0.025367,0.006849,"[0.011942848637223502, 0.03879037977334777]",USD/kg
325920,Recycling,W,1.0,459864.317521,0.057264,0.003436,"[0.05052966845557644, 0.06399785809186255]",USD/kg
325991,Recycling,W,1.0,85536667777.08685,4e-06,0.0,"[2.8151617716633218e-06, 4.546621343878064e-06]",USD/kg
325992,Recycling,W,1.0,12612875491.279627,8.5e-05,2e-06,"[8.132180524879468e-05, 8.795742931011407e-05]",USD/kg
325998,Recycling,W,2.0,400204434.520437,0.004701,0.000465,"[0.004055625838999184, 0.005345426522118844]",USD/kg
326112,Recycling,W,1.0,760143999.191372,8.4e-05,5e-06,"[7.451480944997097e-05, 9.43760041709741e-05]",USD/kg
326113,Recycling,W,1.0,218781405393.19348,2e-06,0.0,"[1.2918837944465712e-06, 1.8452670313905469e-06]",USD/kg
326121,Recycling,W,3.0,473465772.471773,7.2e-05,3.1e-05,"[3.674562746899344e-05, 0.00010735232841227579]",USD/kg
326140,Recycling,W,1.0,36420139567.83806,5e-06,1e-06,"[3.0046348112310864e-06, 7.560038033917999e-06]",USD/kg
326150,Recycling,W,1.0,12605061732.11666,5e-06,1e-06,"[3.1171687584822167e-06, 7.84318755949275e-06]",USD/kg
326192,Recycling,W,1.0,178885567.185345,7.3e-05,4e-06,"[6.593927138470736e-05, 8.026724689097398e-05]",USD/kg
326199,Recycling,W,1.0,1149076724.256132,0.000408,4.1e-05,"[0.0003278012856721834, 0.00048762114537629465]",USD/kg
326211,Recycling,W,1.0,36338606406.523445,9e-06,1e-06,"[7.501107358055529e-06, 9.50045426588753e-06]",USD/kg
326291,Recycling,W,2.0,1482454.432786,0.076221,0.014013,"[0.056800254468240344, 0.0956417680779731]",USD/kg
326299,Recycling,W,1.0,135809447.486743,0.001286,0.000141,"[0.0010089732524130727, 0.0015636125622368448]",USD/kg
327111,Recycling,W,1.0,285302496.514264,2e-05,0.0,"[1.9269138689140777e-05, 2.084144466458465e-05]",USD/kg
327113,Recycling,W,1.0,3317279773.505588,4.2e-05,5e-06,"[3.265843375612731e-05, 5.0610992077275065e-05]",USD/kg
327121,Recycling,W,1.0,79028501.630157,5.4e-05,1.3e-05,"[2.875578857293799e-05, 7.983680678758222e-05]",USD/kg
327122,Recycling,W,1.0,2611530347.297676,8e-06,1e-06,"[6.5012419789510335e-06, 9.286073204432258e-06]",USD/kg
327125,Recycling,W,1.0,743451763.806399,2e-06,0.0,"[2.0327125560358086e-06, 2.679171116919197e-06]",USD/kg
327211,Recycling,W,1.0,11541169403.77617,2.1e-05,3e-06,"[1.545324724130399e-05, 2.6020585691755645e-05]",USD/kg
327213,Recycling,W,2.0,172171773634.51584,1e-06,0.0,"[6.109686977048578e-07, 7.738164371424929e-07]",USD/kg
327215,Recycling,W,2.0,1627631920.340592,5.1e-05,2.8e-05,"[1.1899723253519577e-05, 8.911058113245732e-05]",USD/kg
327310,Recycling,W,1.0,1053668899.271747,6e-06,0.0,"[5.184976056429153e-06, 7.113312224616373e-06]",USD/kg
327320,Recycling,W,1.0,123055032.424709,0.007549,0.002038,"[0.003554186264465918, 0.011543999189116496]",USD/kg
327331,Recycling,W,1.0,91609116.760125,4.8e-05,5e-06,"[3.732154969160331e-05, 5.783745386745545e-05]",USD/kg
327390,Recycling,W,3.0,10481333684.039078,6e-06,1e-06,"[4.751181625405605e-06, 8.000165058546573e-06]",USD/kg
327420,Recycling,W,1.0,6759159051.228446,1e-06,0.0,"[8.057597300632133e-07, 9.80843643395007e-07]",USD/kg
327910,Recycling,W,1.0,1615430.770568,0.005099,0.000204,"[0.004699187972022887, 0.005498686651240973]",USD/kg
327992,Recycling,W,1.0,24868869.031447,0.001074,0.000215,"[0.0006528881963287201, 0.001494744900807271]",USD/kg
327993,Recycling,W,1.0,69861680.892357,0.001974,5.9e-05,"[0.0018582074888592944, 0.0020903801773248967]",USD/kg
327999,Recycling,W,1.0,31138.575331,0.002439,0.000415,"[0.0016266695559721052, 0.0032523185059870428]",USD/kg
331111,Recycling,W,1.0,448222880777.40045,5.7e-05,4e-06,"[4.933556365497778e-05, 6.502563128705172e-05]",USD/kg
331112,Recycling,W,1.0,11289016989.668219,1e-06,0.0,"[9.865693914650656e-07, 1.0260153271074434e-06]",USD/kg
331210,Recycling,W,1.0,529145.298639,0.096857,0.015497,"[0.06648318387709701, 0.12723076059071295]",USD/kg
331221,Recycling,W,1.0,2835661163.472736,1.1e-05,0.0,"[1.0077910777662717e-05, 1.133708966559346e-05]",USD/kg
331222,Recycling,W,1.0,637309081.976637,0.000258,3.1e-05,"[0.00019750978207730988, 0.0003189877753585802]",USD/kg
331312,Recycling,W,1.0,3320042930898.0557,1e-06,0.0,"[9.369174218410578e-07, 9.743781262211955e-07]",USD/kg
331316,Recycling,W,1.0,23788090405.449615,7e-06,0.0,"[5.858200926075503e-06, 7.419647169666372e-06]",USD/kg
331411,Recycling,W,1.0,72157133.688535,5.6e-05,1e-06,"[5.498173647825933e-05, 5.718006743945701e-05]",USD/kg
331491,Recycling,W,1.0,71815901052.90411,7e-06,1e-06,"[5.4544918439563e-06, 7.790943748894168e-06]",USD/kg
331492,Recycling,W,1.0,1243716898.228294,0.000221,9e-06,"[0.00020327776549906786, 0.00023786252907917796]",USD/kg
331511,Recycling,W,1.0,5283542545.826916,6.7e-05,4e-06,"[5.923714687406801e-05, 7.502622984250048e-05]",USD/kg
331512,Recycling,W,1.0,893825058.259337,0.000107,2.3e-05,"[6.31396119955232e-05, 0.00015147221810110243]",USD/kg
331513,Recycling,W,1.0,11411358835.070295,1e-06,0.0,"[1.119448658249797e-06, 1.4178267651762125e-06]",USD/kg
331521,Recycling,W,1.0,631136699.226678,0.000801,2.4e-05,"[0.0007534818938436303, 0.0008476252648356496]",USD/kg
331522,Recycling,W,1.0,29971968759.722343,1e-06,0.0,"[1.2057619238596046e-06, 1.5892274147140501e-06]",USD/kg
331525,Recycling,W,4.0,1218830730.378376,3.5e-05,4e-05,"[-4.070875167800947e-06, 7.355190501944804e-05]",USD/kg
331528,Recycling,W,1.0,2100689553.77451,3e-06,0.0,"[2.9175983020546775e-06, 3.0342524328728396e-06]",USD/kg
332116,Recycling,W,1.0,365643991.910643,0.000153,3.8e-05,"[7.816071314393104e-05, 0.0002283464761472696]",USD/kg
332117,Recycling,W,1.0,305299825.330224,1.5e-05,4e-06,"[6.711899587686683e-06, 2.30387634440194e-05]",USD/kg
332212,Recycling,W,2.0,14983105.147004,0.0035,0.000941,"[0.0021969268302574896, 0.004804038359909041]",USD/kg
332213,Recycling,W,1.0,126012644.044097,0.000193,4.2e-05,"[0.00010973939019434069, 0.0002761180695194896]",USD/kg
332322,Recycling,W,1.0,23927152.783335,0.000902,0.000108,"[0.0006897791344561902, 0.0011140264004889733]",USD/kg
332410,Recycling,W,1.0,20654044.138268,0.003276,0.001311,"[0.0007077534482909978, 0.005845082177757088]",USD/kg
332510,Recycling,W,2.0,1357394570.681712,0.000203,5.2e-05,"[0.0001316536521791727, 0.000275182977803587]",USD/kg
332618,Recycling,W,1.0,61563757.856774,0.005278,0.001689,"[0.001967572941834994, 0.008587749574622864]",USD/kg
332710,Recycling,W,2.0,2062281548610.5786,1e-06,0.0,"[2.5634981158596293e-10, 1.225219223429126e-06]",USD/kg
332811,Recycling,W,1.0,22828269.456274,0.001433,0.000143,"[0.0011522239399562977, 0.001713991927088876]",USD/kg
332812,Recycling,W,1.0,173367912.31386,0.002066,0.00031,"[0.0014582949513237023, 0.0026728206082277987]",USD/kg
332813,Recycling,W,1.0,493213085.239442,0.000852,0.000102,"[0.0006518330565034735, 0.0010527416637918187]",USD/kg
332912,Recycling,W,1.0,2272112405.28598,9e-05,1.6e-05,"[5.828113589422756e-05, 0.00012181945779462569]",USD/kg
332913,Recycling,W,4.0,8718371909.985207,5e-06,2e-06,"[3.226152601019159e-06, 7.054655001140784e-06]",USD/kg
332919,Recycling,W,2.0,167086000164.12634,1e-06,0.0,"[6.837977714389656e-07, 1.4292767716306399e-06]",USD/kg
332991,Recycling,W,3.0,20863668924.216133,3e-06,1e-06,"[1.9416086373444892e-06, 3.4100869119391938e-06]",USD/kg
332992,Recycling,W,1.0,119833112936.29135,5e-06,0.0,"[4.437905249740944e-06, 4.615345707941549e-06]",USD/kg
332998,Recycling,W,2.0,2775193039.175512,3.7e-05,3e-06,"[3.276862366855115e-05, 4.1502780277477704e-05]",USD/kg
333111,Recycling,W,1.0,304222935.025492,7.2e-05,1.2e-05,"[4.9585742008770935e-05, 9.489364531478373e-05]",USD/kg
333132,Recycling,W,1.0,530165213.824202,3.2e-05,9e-06,"[1.4598175646932246e-05, 5.0108603540631035e-05]",USD/kg
333412,Recycling,W,1.0,1627783.939401,0.000874,0.000114,"[0.0006511429685951405, 0.0010964117215848215]",USD/kg
333618,Recycling,W,3.0,1863245284.821822,0.000216,5.6e-05,"[0.00015225685693477368, 0.00027906238349783717]",USD/kg
333991,Recycling,W,2.0,38517182.278943,0.000287,0.000101,"[0.00014617374766637305, 0.00042704651534321606]",USD/kg
334411,Recycling,W,1.0,37542836525.63485,2e-06,0.0,"[2.0671566989575933e-06, 2.4188534304765006e-06]",USD/kg
334412,Recycling,W,1.0,492762756.038724,0.000443,7.5e-05,"[0.0002952907775286847, 0.0005903962835463019]",USD/kg
334413,Recycling,W,1.0,31463478740.631508,0.0001,1.6e-05,"[6.858961175456828e-05, 0.00013126189155272566]",USD/kg
334414,Recycling,W,1.0,800372898.08048,5.3e-05,4e-06,"[4.56965819693354e-05, 6.022935323080536e-05]",USD/kg
334417,Recycling,W,3.0,1115138068.507638,7.7e-05,4.6e-05,"[2.4074302112384196e-05, 0.00012925904627900057]",USD/kg
334418,Recycling,W,1.0,131243726.474375,0.000532,0.000346,"[-0.00014570466888143513, 0.0012093332723871245]",USD/kg
334419,Recycling,W,1.0,8046071.0917,0.004902,0.000735,"[0.003460603181711236, 0.006342730249858297]",USD/kg
334511,Recycling,W,1.0,6041526926.369081,3e-05,5e-06,"[2.081902586473768e-05, 3.984196214827792e-05]",USD/kg
334512,Recycling,W,1.0,513378107.080162,8e-06,1e-06,"[7.308595927580103e-06, 9.632930665117088e-06]",USD/kg
335221,Recycling,W,2.0,63344065.698,0.000533,9.8e-05,"[0.00039732309403332333, 0.0006690231156060356]",USD/kg
335932,Recycling,W,1.0,680310144.665535,4.4e-05,8e-06,"[2.8413913600096254e-05, 5.939087314408191e-05]",USD/kg
335991,Recycling,W,1.0,10730148289.541962,4e-06,0.0,"[3.6279615329062685e-06, 4.4162830124974745e-06]",USD/kg
335999,Recycling,W,3.0,14962516848.203688,5e-06,3e-06,"[8.412207488695081e-07, 8.67403697317803e-06]",USD/kg
336211,Recycling,W,1.0,343380.479508,0.014553,0.004802,"[0.005140207211814813, 0.023965309497135115]",USD/kg
336311,Recycling,W,1.0,128606933.46302,0.002108,0.000148,"[0.0018190307512044243, 0.0023975326147042657]",USD/kg
336312,Recycling,W,1.0,1392546438067.8342,1e-06,0.0,"[8.061597292220024e-07, 1.301986645438885e-06]",USD/kg
336330,Recycling,W,3.0,7436869356.962196,3.9e-05,1.1e-05,"[2.5801968409040556e-05, 5.158774813208263e-05]",USD/kg
336399,Recycling,W,1.0,970016566.538018,0.000473,5.7e-05,"[0.00036205756331368687, 0.0005847403377113497]",USD/kg
336411,Recycling,W,1.0,4017224514.349586,6e-06,1e-06,"[4.723964109494059e-06, 6.747491737409591e-06]",USD/kg
336412,Recycling,W,3.0,501896597.943027,0.001217,0.000611,"[0.0005252603326390653, 0.0019086952833691395]",USD/kg
336413,Recycling,W,1.0,11483705402.908546,2.3e-05,2e-06,"[1.9093086421195397e-05, 2.619396571313788e-05]",USD/kg
336510,Recycling,W,2.0,5570839505.907923,1.7e-05,4e-06,"[1.2032706839133886e-05, 2.2054020541734488e-05]",USD/kg
339112,Recycling,W,1.0,598577448.198968,0.000102,1.3e-05,"[7.622750636608649e-05, 0.00012835388772956886]",USD/kg
339113,Recycling,W,1.0,5650461.819115,0.003493,0.000489,"[0.002534192330064037, 0.004450853756453903]",USD/kg
339911,Recycling,W,1.0,6780628.022767,0.007883,0.002286,"[0.003402260181233456, 0.012363160812254262]",USD/kg
339920,Recycling,W,2.0,79843200900.06743,1e-06,0.0,"[5.76558417495004e-07, 8.93496415591307e-07]",USD/kg
339991,Recycling,W,1.0,1891580.222354,0.055895,0.007266,"[0.04165358280642542, 0.07013740244097547]",USD/kg
339992,Recycling,W,1.0,645085405.166111,5.5e-05,1e-05,"[3.431215465471906e-05, 7.503067689927677e-05]",USD/kg
339993,Recycling,W,1.0,222162634.602978,7.7e-05,1e-05,"[5.7628886112493505e-05, 9.703703991757453e-05]",USD/kg
311119,Recycling,L,1.0,34919066.507792,4.1e-05,9e-06,"[2.2393991302580103e-05, 5.915609442297637e-05]",USD/kg
311221,Recycling,L,4.0,34019094262.348915,1.3e-05,2e-06,"[1.187885157210247e-05, 1.5045043445596061e-05]",USD/kg
311613,Recycling,L,1.0,18364888.218139,0.004402,0.000308,"[0.003798126346786031, 0.005006035101472409]",USD/kg
311930,Recycling,L,1.0,1153314319.107782,4e-06,1e-06,"[8.918530322946503e-07, 6.678604224599487e-06]",USD/kg
311942,Recycling,L,1.0,516276788.878807,3.2e-05,1.2e-05,"[8.051600695970753e-06, 5.5045334473260475e-05]",USD/kg
311999,Recycling,L,3.0,1266117219.555997,0.000122,5.1e-05,"[6.451370520591219e-05, 0.00017911413573692216]",USD/kg
313312,Recycling,L,2.0,8109635347.961454,5e-06,1e-06,"[3.9238440654716615e-06, 5.3831546480911604e-06]",USD/kg
313320,Recycling,L,3.0,4655886238.198322,3.9e-05,5e-06,"[3.280831616369776e-05, 4.501000465507146e-05]",USD/kg
314999,Recycling,L,1.0,38257286.693247,0.002201,0.00066,"[0.0009067007376459693, 0.003494643729243186]",USD/kg
321114,Recycling,L,1.0,7637412.12132,0.000932,0.000121,"[0.0006944898541905855, 0.0011694003519674562]",USD/kg
321911,Recycling,L,1.0,93373250.270874,0.000819,0.000147,"[0.0005298371296781261, 0.0011074676371097103]",USD/kg
321918,Recycling,L,1.0,406014746.863361,9e-06,1e-06,"[6.434963863727071e-06, 1.2314773436080778e-05]",USD/kg
321999,Recycling,L,1.0,362057118.478648,0.00021,4.8e-05,"[0.00011520198279100867, 0.00030431821106020684]",USD/kg
322110,Recycling,L,1.0,13948853282.939232,0.000223,2e-06,"[0.00021848541894477674, 0.00022722110631664554]",USD/kg
322212,Recycling,L,1.0,92939127.326403,0.002102,0.000483,"[0.0011543588535039503, 0.003049360893875616]",USD/kg
322221,Recycling,L,1.0,112248430.13002,0.00028,5.6e-05,"[0.00017011883241587288, 0.0003894759603784965]",USD/kg
322222,Recycling,L,1.0,2947988.277744,0.08037,0.00643,"[0.06776784925004885, 0.09297128188443711]",USD/kg
323110,Recycling,L,1.0,41882632629.41552,1.1e-05,1e-06,"[8.971061629108439e-06, 1.2307474838769466e-05]",USD/kg
323111,Recycling,L,1.0,47939172215.26803,7e-06,0.0,"[6.626642219339529e-06, 8.066548445381163e-06]",USD/kg
324110,Recycling,L,1.0,296713368.58252,0.039693,0.001588,"[0.036580963155625985, 0.04280468348806856]",USD/kg
324121,Recycling,L,1.0,8852429289.646603,2e-06,1e-06,"[5.922923790932717e-07, 2.9584908281483797e-06]",USD/kg
324191,Recycling,L,1.0,1841949.965347,0.012722,0.000763,"[0.01122610635807961, 0.014218315369715184]",USD/kg
325110,Recycling,L,1.0,13628661.281767,0.498041,0.039843,"[0.41994954144449004, 0.576132305022911]",USD/kg
325120,Recycling,L,1.0,19200069.106427,0.041703,0.000834,"[0.040068551117659626, 0.0433380289789186]",USD/kg
325131,Recycling,L,1.0,1727887.906664,0.030098,0.001806,"[0.02655831434284884, 0.03363717365307871]",USD/kg
325132,Recycling,L,3.0,12747080.395747,0.012555,0.000652,"[0.011817231255308282, 0.013293728561025696]",USD/kg
325181,Recycling,L,1.0,101299498.423376,0.000247,2e-06,"[0.00024212008054957053, 0.0002518007509592849]",USD/kg
325188,Recycling,L,3.0,2092422277.979587,0.002767,0.000575,"[0.0021163334849953136, 0.0034179801283527444]",USD/kg
325191,Recycling,L,1.0,373222.297056,0.497372,0.03979,"[0.4193853782595109, 0.5753583248083998]",USD/kg
325192,Recycling,L,1.0,638975.323207,6.082278,0.060823,"[5.963067495616595, 6.201488410250837]",USD/kg
325199,Recycling,L,2.0,799768444568.331,2.6e-05,1e-06,"[2.4311605341268775e-05, 2.8447872389051617e-05]",USD/kg
325211,Recycling,L,2.0,1514268550.675021,0.008343,0.000472,"[0.007688981259940305, 0.008997149904917621]",USD/kg
325222,Recycling,L,1.0,12502607755.21709,5.7e-05,3e-06,"[5.103112362654387e-05, 6.211970064633725e-05]",USD/kg
325320,Recycling,L,1.0,7708375.57121,0.029279,0.00205,"[0.02526223666589166, 0.033296323488072044]",USD/kg
325411,Recycling,L,1.0,2257282.752451,0.202118,0.010106,"[0.18231038872025018, 0.22192469942262016]",USD/kg
325412,Recycling,L,2.0,614180222.77379,0.011344,0.001604,"[0.009120678335962574, 0.013567474598737451]",USD/kg
325510,Recycling,L,1.0,32384559.16054,0.013953,0.001116,"[0.01176533326580335, 0.016140959579273646]",USD/kg
325520,Recycling,L,1.0,153164681.899264,0.001339,0.000201,"[0.000945307641983324, 0.0017325971980598378]",USD/kg
325611,Recycling,L,1.0,2539158.89153,0.019931,0.004385,"[0.011336946717165732, 0.028525179848780946]",USD/kg
325612,Recycling,L,1.0,40047.313122,1.157463,0.335664,"[0.4995729857476787, 1.8153523926019672]",USD/kg
325910,Recycling,L,1.0,161893.592309,0.343759,0.092815,"[0.16184501976342502, 0.5256727244688384]",USD/kg
325991,Recycling,L,1.0,2793770.980878,0.008921,0.001071,"[0.006822800448563445, 0.01101915010949122]",USD/kg
325992,Recycling,L,1.0,125648020.301335,0.003312,6.6e-05,"[0.003181757490072252, 0.003441379697102876]",USD/kg
325998,Recycling,L,2.0,730906612.910268,0.002388,0.000236,"[0.0020604853724660727, 0.0027157764536622202]",USD/kg
326112,Recycling,L,1.0,16204372236.559301,4e-06,0.0,"[3.4954754449846467e-06, 4.427160286800373e-06]",USD/kg
326113,Recycling,L,1.0,879161189.807446,0.00018,1.6e-05,"[0.00014837827202244294, 0.00021193665770457643]",USD/kg
326121,Recycling,L,1.0,1367158554.484115,8e-06,2e-06,"[3.911453925411091e-06, 1.1427310275883522e-05]",USD/kg
326130,Recycling,L,1.0,178023459.252731,9e-06,0.0,"[8.004129698457962e-06, 9.743350831178642e-06]",USD/kg
326150,Recycling,L,1.0,2649504.816972,0.000599,0.000132,"[0.00034055443516336847, 0.0008568776720654569]",USD/kg
326199,Recycling,L,1.0,55510384.568191,0.00844,0.000844,"[0.00678555608067217, 0.01009386104538156]",USD/kg
326211,Recycling,L,1.0,42036801.442737,0.011695,0.000702,"[0.01031945705551921, 0.013070007550213881]",USD/kg
326220,Recycling,L,1.0,6144760840.525093,1.1e-05,1e-06,"[8.368961828673062e-06, 1.2969435826864236e-05]",USD/kg
326291,Recycling,L,1.0,45186322003.808754,1e-06,0.0,"[9.81477599464202e-07, 1.652637894327889e-06]",USD/kg
327125,Recycling,L,1.0,227920.559979,0.007685,0.000538,"[0.006630484477727802, 0.00873916110330577]",USD/kg
327215,Recycling,L,1.0,697710.600751,0.040946,0.015969,"[0.009647535302984948, 0.07224516562522701]",USD/kg
331210,Recycling,L,1.0,17301981.806525,0.00474,0.000758,"[0.0032533171205963362, 0.0062259655383149195]",USD/kg
331312,Recycling,L,1.0,19046527.319477,0.019439,0.000194,"[0.019057861850510074, 0.01981985102080066]",USD/kg
331314,Recycling,L,1.0,2855195.729058,0.000493,6.9e-05,"[0.00035743280059738274, 0.0006277665291404695]",USD/kg
331316,Recycling,L,1.0,185594.490305,0.850927,0.051056,"[0.7508596457476078, 0.9509939511617445]",USD/kg
331419,Recycling,L,1.0,17529988.972502,0.009232,0.000369,"[0.008508372611785225, 0.009955948811315148]",USD/kg
331421,Recycling,L,1.0,1094277.175068,0.059756,0.004183,"[0.0515576126283404, 0.06795435301513664]",USD/kg
331422,Recycling,L,3.0,963096.264369,0.013613,0.003537,"[0.009610610775341947, 0.017614707172011718]",USD/kg
331491,Recycling,L,1.0,27202.892331,5.39896,0.485906,"[4.446601081950789, 6.3513192235562705]",USD/kg
331513,Recycling,L,1.0,145937.468142,0.099199,0.005952,"[0.08753358886769559, 0.11086481209650588]",USD/kg
331522,Recycling,L,2.0,3980424.247008,0.019729,0.001953,"[0.01702232531094924, 0.022435893447147272]",USD/kg
331525,Recycling,L,3.0,1770506.653065,0.038875,0.03838,"[-0.004555310007970721, 0.08230459427754833]",USD/kg
332117,Recycling,L,2.0,584354.593983,0.034623,0.01371,"[0.015622443951759248, 0.05362443015123879]",USD/kg
332211,Recycling,L,1.0,951166317.471293,1.5e-05,0.0,"[1.4273145105469234e-05, 1.6056495184437393e-05]",USD/kg
332312,Recycling,L,2.0,230532.058174,1.192899,0.084351,"[1.075997116570233, 1.3098010395933695]",USD/kg
332313,Recycling,L,1.0,102217.02154,0.019556,0.005476,"[0.008823934638309546, 0.030288376654271306]",USD/kg
332321,Recycling,L,1.0,202843.731141,1.161555,0.116155,"[0.9338940352889558, 1.389215049031559]",USD/kg
332322,Recycling,L,1.0,114175092.95621,0.000189,2.3e-05,"[0.00014455386292717748, 0.000233461424895809]",USD/kg
332431,Recycling,L,1.0,105109.063724,1.159241,0.115924,"[0.9320340481097056, 1.3864482231575501]",USD/kg
332439,Recycling,L,1.0,234364.574098,0.023811,0.003572,"[0.01681100525999831, 0.030811874691854105]",USD/kg
332510,Recycling,L,2.0,802229.46807,0.364401,0.092761,"[0.23584263383491919, 0.4929591940481015]",USD/kg
332710,Recycling,L,1.0,1142593.429286,3.315161,1.690732,"[0.0013869568194926352, 6.628934684194453]",USD/kg
332721,Recycling,L,2.0,764460.413827,0.122576,0.041604,"[0.06491714052588281, 0.180234222832085]",USD/kg
332811,Recycling,L,1.0,85267.631657,0.998307,0.099831,"[0.8026422317435096, 1.1939712913803489]",USD/kg
332812,Recycling,L,1.0,496864.053157,0.720723,0.108108,"[0.5088344581223253, 0.9326119003643777]",USD/kg
332813,Recycling,L,2.0,27984387230.714294,3.6e-05,6e-06,"[2.786244773047123e-05, 4.4999190035604705e-05]",USD/kg
332911,Recycling,L,1.0,4956015.461758,0.012011,0.001922,"[0.008244539322649016, 0.015777809478556493]",USD/kg
332919,Recycling,L,1.0,199252.039876,0.184949,0.033291,"[0.1197000843702586, 0.250197583698778]",USD/kg
332999,Recycling,L,1.0,145514.223827,1.981645,0.376512,"[1.2436936821353752, 2.7195954251487735]",USD/kg
333111,Recycling,L,1.0,136323.17667,0.147419,0.023587,"[0.10118948531010477, 0.19364919712009385]",USD/kg
333120,Recycling,L,3.0,52034.789851,2.83186,0.588591,"[2.1658185279873248, 3.497900847273728]",USD/kg
333132,Recycling,L,1.0,22316.039077,2.100029,0.588008,"[0.9475544784398671, 3.2525044801245833]",USD/kg
333315,Recycling,L,1.0,1924509.48938,0.002733,0.00041,"[0.0019296425776282402, 0.003536725162023635]",USD/kg
333412,Recycling,L,1.0,97484.519371,0.154742,0.020116,"[0.11531458789661372, 0.19416974756304548]",USD/kg
333415,Recycling,L,2.0,84422684.109642,0.004357,0.000863,"[0.003161490370286361, 0.005552590118614367]",USD/kg
333999,Recycling,L,1.0,409236.640006,0.228308,0.034246,"[0.16118648692910037, 0.2954289621868883]",USD/kg
334411,Recycling,L,1.0,2243098.164662,0.025358,0.001014,"[0.023369618686416065, 0.02734562036688873]",USD/kg
334413,Recycling,L,1.0,21761680.174367,0.144475,0.023116,"[0.09916825235810504, 0.18978110611095478]",USD/kg
334414,Recycling,L,1.0,4832674641.485863,1e-06,0.0,"[1.2451060859015148e-06, 1.6410841035749898e-06]",USD/kg
334415,Recycling,L,1.0,94965657.160524,0.000175,8.6e-05,"[6.92326299112027e-06, 0.0003425807290340795]",USD/kg
334516,Recycling,L,1.0,1066474.481067,0.014946,0.006576,"[0.002056745051755588, 0.02783436268831719]",USD/kg
335110,Recycling,L,1.0,877332.955387,0.017363,0.003299,"[0.010897271012720151, 0.023829154090351155]",USD/kg
335222,Recycling,L,3.0,68677.476421,0.385521,0.006677,"[0.37796514470377635, 0.3930772989040065]",USD/kg
335224,Recycling,L,1.0,183396.527995,0.114833,0.001148,"[0.112582223602057, 0.11708359085012027]",USD/kg
335912,Recycling,L,1.0,4611116.27963,0.000497,1e-05,"[0.00047720848925088, 0.0005161473215093529]",USD/kg
335999,Recycling,L,1.0,114151.557977,0.872248,0.366344,"[0.15422662489155448, 1.5902691990842925]",USD/kg
336111,Recycling,L,1.0,19184280.199564,0.016135,0.000807,"[0.014554128578824214, 0.017716602070164778]",USD/kg
336112,Recycling,L,1.0,387511.604107,3.404311,0.272345,"[2.8705247153730378, 3.938096979948024]",USD/kg
336120,Recycling,L,1.0,131848.96111,1.187603,0.130636,"[0.9315604777123199, 1.4436454702349326]",USD/kg
336211,Recycling,L,1.0,15944.132686,0.313415,0.103427,"[0.11070196491333978, 0.5161283858345673]",USD/kg
336212,Recycling,L,1.0,240661.353454,0.03375,0.00405,"[0.025812261231262915, 0.041688040463293025]",USD/kg
336213,Recycling,L,1.0,5542.989399,1.211895,0.12119,"[0.9743680544480174, 1.4494222185667653]",USD/kg
336214,Recycling,L,1.0,49110.824142,0.092973,0.029751,"[0.03466141693539467, 0.15128464221771362]",USD/kg
336340,Recycling,L,1.0,21618926.998377,0.00056,0.000146,"[0.0002747557604197837, 0.0008457602026840956]",USD/kg
336360,Recycling,L,1.0,612.108021,12.482526,5.866787,"[0.9838343125800684, 23.98121689418771]",USD/kg
336399,Recycling,L,1.0,42214844.968124,0.007862,0.000943,"[0.006012791034371268, 0.00971094603810233]",USD/kg
336411,Recycling,L,1.0,367209.068602,0.060429,0.005439,"[0.049769929448436306, 0.07108906417173205]",USD/kg
336415,Recycling,L,1.0,13327307.781938,0.004669,4.7e-05,"[0.004577533331083291, 0.004760556529188607]",USD/kg
336510,Recycling,L,1.0,248275.648139,0.05333,0.007999,"[0.03765091841710425, 0.06900809097130428]",USD/kg
336611,Recycling,L,1.0,34121.334383,2.424458,0.096978,"[2.2343843238724075, 2.6145324104007672]",USD/kg
337110,Recycling,L,1.0,225955.072401,0.016309,0.001631,"[0.013112646698015195, 0.019505731311240677]",USD/kg
337122,Recycling,L,1.0,16921.415068,0.435542,0.034843,"[0.3672501474185951, 0.5038335634907386]",USD/kg
337211,Recycling,L,1.0,57261.436256,0.145085,0.030468,"[0.08536888726671893, 0.20480035119680062]",USD/kg
337214,Recycling,L,1.0,317535.641611,0.140851,0.033804,"[0.07459590795642516, 0.20710609537121477]",USD/kg
337215,Recycling,L,1.0,347630.644114,0.240148,0.062438,"[0.11777086412924732, 0.3625252834155365]",USD/kg
339112,Recycling,L,1.0,338761884.870594,8.4e-05,1.1e-05,"[6.282477471274984e-05, 0.0001057860143212467]",USD/kg
339115,Recycling,L,3.0,600478.302632,0.029802,0.003613,"[0.025713086815410974, 0.03389055639870378]",USD/kg
339920,Recycling,L,1.0,2784.4809,22.527617,2.478038,"[17.67075235016533, 27.384482485352322]",USD/kg
339992,Recycling,L,1.0,9413.578966,0.226343,0.043005,"[0.14205447282176997, 0.3106317093648745]",USD/kg
339993,Recycling,L,1.0,372108.28462,0.006621,0.000861,"[0.004933666715218166, 0.008307438270628744]",USD/kg
325188,Recycling,A,1.0,5867412474.350139,0.00023,2.8e-05,"[0.0001756856040460525, 0.00028374068062736614]",USD/kg
325199,Recycling,A,1.0,184094012279.16678,2.2e-05,1e-06,"[1.995810968746609e-05, 2.3353692590260664e-05]",USD/kg
325314,Recycling,A,1.0,1107595.197808,0.086245,0.017249,"[0.05243787973889907, 0.12005310218443652]",USD/kg
325320,Recycling,A,1.0,12470276378.310266,8e-06,1e-06,"[6.831823602849917e-06, 9.004531613824451e-06]",USD/kg
325998,Recycling,A,1.0,730062.913491,0.258258,0.018078,"[0.22282545622015834, 0.29369008650373807]",USD/kg
326113,Recycling,A,1.0,54118540.896427,0.011192,0.001007,"[0.009217790203548067, 0.013166264982965126]",USD/kg
327310,Recycling,A,1.0,8125525519.556209,2.1e-05,2e-06,"[1.7772887374245033e-05, 2.43827735461163e-05]",USD/kg
324110,Recycling,S,1.0,84300313867.12607,8.5e-05,3e-06,"[7.801410254362247e-05, 9.128707062137329e-05]",USD/kg
324122,Recycling,S,1.0,4345577192.815876,4.5e-05,3e-06,"[3.873660661889674e-05, 5.1055914085169304e-05]",USD/kg
325131,Recycling,S,1.0,111600065.340251,0.000645,3.9e-05,"[0.0005693519020667719, 0.0007211070910713662]",USD/kg
325181,Recycling,S,1.0,17428.947481,0.419208,0.004192,"[0.41099182881620744, 0.42742448663964994]",USD/kg
325320,Recycling,S,1.0,20645192663.29352,5e-06,0.0,"[3.897357091101085e-06, 5.136823954667551e-06]",USD/kg
326211,Recycling,S,3.0,741750661.072134,0.000641,6.7e-05,"[0.000565773817755709, 0.0007165753033320215]",USD/kg
326299,Recycling,S,1.0,28196.877051,0.409214,0.045014,"[0.32098940853141517, 0.4974394220306018]",USD/kg
327112,Recycling,S,1.0,21782678.101853,0.00056,5e-05,"[0.00046113910127582155, 0.0006586697535236648]",USD/kg
327310,Recycling,S,1.0,239429006.356587,3.3e-05,3e-06,"[2.8041176612944167e-05, 3.846992584394935e-05]",USD/kg
331111,Recycling,S,2.0,50914630748.32206,0.000287,2.8e-05,"[0.00024759791042018803, 0.00032634086321628876]",USD/kg
331112,Recycling,S,1.0,387471.866742,0.039467,0.000395,"[0.038693524040459684, 0.04024060453199024]",USD/kg
331314,Recycling,S,1.0,6430316773.152824,3e-06,0.0,"[2.4523309546099074e-06, 4.307078950522228e-06]",USD/kg
331316,Recycling,S,2.0,49670915557.96801,3e-06,0.0,"[2.6315118151762505e-06, 3.332915589239801e-06]",USD/kg
331419,Recycling,S,1.0,20280540996.370617,8e-06,0.0,"[7.215282419475872e-06, 8.44285807699382e-06]",USD/kg
331492,Recycling,S,1.0,53275785700.41838,6e-06,0.0,"[5.126426915717252e-06, 5.9986141047859305e-06]",USD/kg
331511,Recycling,S,1.0,20251022.347454,0.040584,0.002435,"[0.03581160858596376, 0.045356843105763656]",USD/kg
331513,Recycling,S,1.0,20214002612.612648,1.2e-05,1e-06,"[1.0743310955587158e-05, 1.3606835567838395e-05]",USD/kg
331521,Recycling,S,1.0,5141263.415846,0.011696,0.000351,"[0.011008643347886059, 0.012384112092771314]",USD/kg
331524,Recycling,S,3.0,2967939222.235966,5.9e-05,5e-06,"[5.3359184959873835e-05, 6.495362752929436e-05]",USD/kg
331525,Recycling,S,7.0,1715015.851933,0.040038,0.060381,"[-0.004691651564018143, 0.0847679911559206]",USD/kg
331528,Recycling,S,2.0,335417971.525431,0.000102,1e-06,"[9.974470537999344e-05, 0.00010373279102619859]",USD/kg
332116,Recycling,S,2.0,200224545.682545,0.000113,4e-05,"[5.775857039211516e-05, 0.0001687416284451801]",USD/kg
332321,Recycling,S,1.0,7463068.412228,0.008506,0.000851,"[0.006838892630605645, 0.010173201886024235]",USD/kg
332323,Recycling,S,1.0,462673.718853,0.036167,0.008318,"[0.01986310234534676, 0.052470483800679035]",USD/kg
332999,Recycling,S,1.0,53666.199199,0.909564,0.172817,"[0.570848707562761, 1.2482796655155708]",USD/kg
334513,Recycling,S,19.0,217116.606004,0.038797,0.050734,"[0.015984848448916456, 0.06160946834557468]",USD/kg
335931,Recycling,S,2.0,135537957.927513,0.000334,3.3e-05,"[0.0002884438655922716, 0.00038017695677269354]",USD/kg
335932,Recycling,S,2.0,24080909206.948902,4e-06,1e-06,"[2.2729608604309348e-06, 4.750951664851249e-06]",USD/kg
336311,Recycling,S,2.0,2136527.217892,0.056033,0.005547,"[0.04834570481369008, 0.06372097007977455]",USD/kg
339920,Recycling,S,1.0,8497255436.126938,3e-06,0.0,"[2.183239902398644e-06, 3.3833814024335307e-06]",USD/kg
339950,Recycling,S,1.0,41268971.046517,0.000208,6.3e-05,"[8.586516794782117e-05, 0.00033094510489571367]",USD/kg
